"Country","1973","1974","1975","1976","1977","1978","1979","1980","1981","1982","1983","1984","1985","1986","1987","1988","1989","1990","1991","1992","1993","1994","1995","1996","1997","1998","1999","2000","2001","2002","2003","2004","2005","2006","2007","2008","2009","2010","2011","2012","2013","2014","2015","2016","2017","2018","2019","2020","2021","2022","2023","2024"
"WORLD",NA,NA,NA,NA,NA,NA,NA,63987.8,60602,58100.1,57929.3,59563.45794,59156.12543,61534.95768,62101.27044,64398.73171,65524.91126,66437.18391,66338.8511,66551.97017,66337.04619,68404.80921,69738.1987,71406.80328,73756.47914,74754.92657,73443.88635,75621.9029,75764.24188,75599.86189,78497.80128,83153.50174,84672.88548,85250.20133,85474.13004,86767.47017,85716.22519,87317.27823,88481.56412,90769.35776,91305.82012,93899.47441,96659.23578,97108.92,97786.58439,100415.8247,100161.5546,93798.40647,95682.74081,100140.0895,101820.3917,NA
"AFGHANISTAN",NA,NA,NA,NA,NA,NA,NA,0,0,0,0,0,0,0,0,0,0,0,0,0,NA,NA,NA,NA,NA,NA,NA,NA,NA,NA,NA,0,0,0,0,0,0,0,0,0,0,0,0,0,0,0,0,0,0,0,0,NA
"ALBANIA",NA,NA,NA,NA,NA,NA,NA,44,44,64,75,55,55,55,54,44,47,30,19,10,11,10,9,9,7.150391781,7.489890411,6.460230137,5.716,5.624,7.106,6.781,7.58,6.985,9.072,10.082,6.03453,5.382407123,10.86676562,15.56251849,16.84497057,17.01442118,20.56920932,20.21514384,22.80052388,17.05404,16.05469,18.05546,17.31385896,16.15055317,15.05975827,14.04472675,NA
"ALGERIA",1096.90137,1008.860274,982.9972603,1075.259563,1151.849315,1231.052055,1224.167123,1105.907104,1002.032877,986.630137,961.260274,1014.440325,1036.071233,1072,1071.320548,1045,1105.586301,1180.068493,1170,1201.612022,1310.164384,1286.287671,1301.369863,1396.734973,1430.191781,1431.041096,1376.958904,1435.587432,1507.479452,1623.835616,1789.890411,1856.934792,1930.027384,1917.468014,1942.263521,1954.481,1909.823112,1880.8924,1862.5645,1875.039769,1762.789322,1721.8256,1798.1049,1698.432256,1632.869525,1576.786934,1570.104304,1404.306744,1415.129339,1473.030681,1444.291046,NA
"AMERICAN SAMOA",NA,NA,NA,NA,NA,NA,NA,0,0,0,0,0,0,0,0,0,0,0,0,0,NA,NA,NA,NA,NA,NA,NA,NA,NA,NA,NA,0,0,0,0,0,0,0,0,0,0,0,0,0,0,0,0,0,0,0,0,NA
"ANGOLA",162,169,165,108,194,131,147,150,130,122,177.0054795,208.0245902,231.0000795,282.0002986,360.0001863,452.0081967,455.0003178,475.0005123,500.0002219,526.3200464,503.939726,491.7589041,639.3123288,691.0163934,709.7863014,732.8986301,747.8134247,745.3879781,739.2849315,896.6363425,879.0602356,990.2883306,1255.026608,1425.536786,1727.44877,1960.226508,1886.364219,1918.072548,1765.134438,1796.58018,1814.168534,1755.945438,1828.000014,1796.777754,1708.354531,1637.116441,1488.932374,1284.13903,1150.417404,1185.254399,1174.422203,NA
"ANTARCTICA",NA,NA,NA,NA,NA,NA,NA,0,0,0,0,0,0,0,0,0,0,0,0,0,NA,NA,NA,NA,NA,NA,NA,NA,NA,NA,NA,0,0,0,0,0,0,0,0,0,0,0,0,0,0,0,0,0,0,0,0,NA
"ANTIGUA AND BARBUDA",NA,NA,NA,NA,NA,NA,NA,0,0,0,0,0,0,0,0,0,0,0,0,0,NA,NA,NA,NA,NA,NA,NA,NA,NA,NA,NA,0,0,0,0,0,0,0,0,0,0,0,0,0,0,0,0,0,0,0,0,NA
"ARGENTINA",NA,NA,NA,NA,NA,NA,NA,508,513,507,504,498,485,471,472,492,496,521,529,597,640.0082192,720.551,775.5500356,838.7026995,892.9643836,905.3899808,894.8070603,862.8231038,918.6981753,895.3786329,876.6972603,888.3244399,830.3295288,831.1796301,802.6279151,804.5547268,786.124089,786.8620644,742.2983945,720.722118,704.9671288,713.0421055,705.2630425,705.0372634,686.3095116,704.8591449,723.059323,656.8417082,708.5545346,787.2274929,819.018804,NA
"ARMENIA",NA,NA,NA,NA,NA,NA,NA,NA,NA,NA,NA,NA,NA,NA,NA,NA,NA,NA,NA,0,NA,NA,NA,NA,NA,NA,NA,NA,NA,NA,NA,0,0,0,0,0,0,0,0,0,0,0,0,0,0,0,0,0,0,0,0,NA
"ARUBA",NA,NA,NA,NA,NA,NA,NA,NA,NA,NA,NA,NA,NA,0,0,0,0,-0.0682256,0.03857667,-0.02753029,NA,NA,NA,NA,NA,NA,NA,NA,NA,NA,NA,2.356,2.351,2.235,2.477,2.3643,2.4322,2.3885,2.3087,0.5505,0,0,0,0,0,0,0,0,0,0,0,NA
"AUSTRALIA",NA,NA,NA,NA,NA,NA,NA,460,474,444,489,571,665,606,639,633,583,666,635,619,562.030137,605.2970822,579.9139781,605.4851694,650.1591808,626.0693014,616.762,802.4461475,738.7729151,717.1461096,618.1622192,573.1585874,543.5200767,560.6968219,567.5261205,569.467812,576.0445342,584.9621055,508.2969315,500.6534142,425.2743356,441.6777425,396.4672219,367.0325716,336.9518434,364.669462,475.3095396,475.1731504,460.1342705,436.041357,408.302001,NA
"AUSTRIA",NA,NA,NA,NA,NA,NA,NA,30,28,29,28,27,25,25,24,27,27,27,30,27,22.65205479,22.1561863,21.24657534,20.50831694,19.40547945,19.74794521,19.16712329,19.68142077,20.83013699,21.72054795,20.40547945,26.38026776,25.38070411,26.1953589,28.04171233,27.71430164,27.5462,35.62571781,36.10133425,36.15533552,26.98200411,30.84496301,31.57499041,29.36100219,27.18664932,26.92270411,26.44211507,24.46700437,24.90202726,23.94635507,23.10377275,NA
"AZERBAIJAN",NA,NA,NA,NA,NA,NA,NA,NA,NA,NA,NA,NA,NA,NA,NA,NA,NA,NA,NA,222,218,183.7271479,186.2261342,182.5106393,182.4722658,232.3734521,277.0986932,282.2218169,301.1632055,308.8570575,311.5737151,313.6141175,449.9732767,651.3522849,865.3989973,874.6622415,1011.979075,1040.858797,989.0781205,927.6480339,876.5573205,852.7142041,854.1325726,839.0564514,794.8208502,795.0061214,773.2083641,700.3683323,716.7350728,672.7760816,623.1671597,NA
"BAHRAIN",69.67671233,66.40821918,61.40273973,60.25136612,55.98630137,51.32328767,49.08493151,48.24590164,46.08219178,43.90410959,42,41.07923497,42.43561644,43.92328767,42.42739726,43.58743169,42.40821918,42.0022,38.00305205,36.7431694,54,193.471,195.471,195.413,199.413,200.633,193.968,197.59,193.358,195.865,199.556,202.007,200.818,197.425,197.383,196.1829,195.5421,193.7077055,202.1414493,185.4937301,210.5174603,216.1996466,216.2019781,215.4983891,213.0229233,211.0910521,211.2315603,184.5248475,188.5446485,201.7772175,192.6722959,NA
"BANGLADESH",NA,NA,NA,NA,NA,NA,NA,0,0,0,0.2,0.4,0.7,0.7,0.6,0.8,0.7,1,0.9,1,3,3,3,3,2.495890411,2,3.591780822,4,4,6,6,6.746,9.56,9.533,8.524,6.386566667,5.6188,5.091,5.088,4.852066667,4.1659,4.1431,4.1263,4.1286,14.9256,14.9247,13.9236,13.73167432,13.4058354,13.09672023,12.79391041,NA
"BARBADOS",NA,NA,NA,NA,NA,NA,NA,0,0,1,1,2,2,1.9,1.2,1.2,1,1.1,1,1.2,1,1,1,1,1,1,1,1,1,1.071309589,1.013846575,1.002,1,1,1,1.001,1.001,1.001,1.001,1.001,1.001,1.001,1,1,0.640857534,1.001,1.001,1.001,0.533520548,0.507443836,1.507849315,NA
"BELARUS",NA,NA,NA,NA,NA,NA,NA,NA,NA,NA,NA,NA,NA,NA,NA,NA,NA,NA,NA,42,40,40,39,36.82993443,36.11455068,36.4997589,37.11616438,36.919,37.04,36.92,36.4,34.679,35.855,36.202,36.211,35.29208,32.257,31.9088,30.71735,30.226,31.1301,32.6124,26.39953151,32.95926667,32.17502466,33.87394247,34.25597671,34.58867869,34.1826539,31.96692342,29.81420293,NA
"BELGIUM",NA,NA,NA,NA,NA,NA,NA,8,8,9,10,11,11,6.1,5.6,8.2,11,11,9.1,10,NA,NA,NA,NA,NA,NA,NA,NA,NA,NA,NA,10.688,8.691,11.914,11.224,10.7599,10.9045,21.1237,20.0665,20.2646,20.984,25.5009,21.057,19.9088,19.6025,18.8857,24.3528,23.6427,24.79236143,24.60582958,24.93928079,NA
"BELIZE",NA,NA,NA,NA,NA,NA,NA,0,0,0,0,0,0,0,0,0,0,0,0,0,NA,NA,NA,NA,NA,NA,NA,NA,NA,NA,NA,0,0,2.257309589,2.99979726,3.510663934,3.98950137,4.146978082,3.853449315,2.814051913,2.170838356,1.760041096,1.708493151,1.7,0.989662411,0.825957397,0.970350599,1.7,0,0,0.7871234,NA
"BENIN",NA,NA,NA,NA,NA,NA,NA,0,0,0,4,7,8,8,7,5,4,4,4,5.6,4,3,2,1,1,1,NA,NA,NA,NA,NA,0,0,0,0,0,0,0,0,0,0,0,0,0,0,0,0,0,0,0,0,NA
"BERMUDA",NA,NA,NA,NA,NA,NA,NA,0,0,0,0,0,0,0,0,0,0,0,0,0,NA,NA,NA,NA,NA,NA,NA,NA,NA,NA,NA,0,0,0,0,0,0,0,0,0,0,0,0,0,0,0,0,0,0,0,0,NA
"BHUTAN",NA,NA,NA,NA,NA,NA,NA,0,0,0,0,0,0,0,0,0,0,0,0,0,NA,NA,NA,NA,NA,NA,NA,NA,NA,NA,NA,0,0,0,0,0,0,0,0,0,0,0,0,0,0,0,0,0,0,0,0,NA
"BOLIVIA",NA,NA,NA,NA,NA,NA,NA,32,26,30,28,27,26,23,24,24,25,26,26,28,25.91506849,33,38,42,41,47,40,38.83107104,43.93034247,44.88394521,47.39079452,56.51426776,51.05228493,63.43208493,64.53701918,51.49911749,45.85590137,47.76684247,49.14199726,57.39386776,64.97111507,68.77626027,73.60934658,77.42940984,78.17478123,56.89210323,52.1234829,48.59407146,65.40553047,61.98388888,57.62912437,NA
"BOSNIA AND HERZEGOVINA",NA,NA,NA,NA,NA,NA,NA,NA,NA,NA,NA,NA,NA,NA,NA,NA,NA,NA,NA,0,NA,NA,NA,NA,NA,NA,NA,NA,NA,NA,NA,0,0,-0.073,-0.059,-0.093,-0.0813,-0.0127,0.05727,0.1061,0.2,0.1707,0.1923,0.1865,0.1942,0.1966,0.1993,0.1884,0.206053623,0.203185142,0.208170287,NA
"BOTSWANA",NA,NA,NA,NA,NA,NA,NA,0,0,0,0,0,0,0,0,0,0,0,0,0,NA,NA,NA,NA,NA,NA,NA,NA,NA,NA,NA,0,0,0,0,0,0,0,0,0,0,0,0,0,0,0,0,0,0,0,0,NA
"BRAZIL",NA,NA,NA,NA,NA,NA,NA,245,283,348,460,614,734,740,768,751,790,821,838,824,669.6273973,686.9078959,711.6971671,801.1066803,861.6040301,995.9923808,1129.351074,1268.056689,1336.329485,1499.033715,1548.223647,1584.547093,1756.605677,1863.853005,1895.933534,2429.43031,2554.200047,2714.30939,2687.041653,2655.851935,2697.273262,2954.471433,3170.192264,3219.38208,3356.215654,3412.790656,3659.460139,3767.539011,3689.549811,3810.266189,4281.781027,NA
"BRITISH VIRGIN ISLANDS",NA,NA,NA,NA,NA,NA,NA,0,0,0,0,0,0,0,0,0,0,0,0,0,NA,NA,NA,NA,NA,NA,NA,NA,NA,NA,NA,0,0,0,0,0,0,0,0,0,0,0,0,0,0,0,0,0,0,0,0,NA
"BRUNEI",NA,NA,NA,NA,NA,NA,NA,270,188,179,187,175,168,181,150,148,142,160,171,178,190.5205479,183.660274,182,172,170.5945205,165,189,195,203,209.3671233,213,210.3126448,205.9594521,220.3269726,189.9666301,157.7529388,148.8236192,153.2912315,169.3428411,158.7005383,135.4487493,126.781611,126.9654767,120.991988,113.3402507,111.5875548,121.5264411,109.9940913,106.7107226,93.65686408,94.65103046,NA
"BULGARIA",NA,NA,NA,NA,NA,NA,NA,3,3,3,3,4,6,-0.2,0.097892685,-1.5,4.7,3.5,0.03394317,0.4,1,1,0.8,0.8,0.8,0.8,0.5,0.5,0.5,1,1,3.661,3.357,3.378,3.125,3.4224,3.0794,3.0589,2.9946,3.3832,3.6614,2.854791781,3.9468,4.2034,6.0457,6.0647,6.0875,5.9982,6.142786379,6.119306323,6.160139962,NA
"BURKINA FASO",NA,NA,NA,NA,NA,NA,NA,0,0,0,0,0,0,0,0,0,0,0,0,0,NA,NA,NA,NA,NA,NA,NA,NA,NA,NA,NA,0,0,0,0,0,0,0,0,0,0,0,0,0,0,0,0,0,0,0,0,NA
"BURMA",NA,NA,NA,NA,NA,NA,NA,30,27,30,30,32,30,24,17,14,16,14,16,15,13,13,9,8,8,8,8,12,12.85123288,16.2,19.90412055,20.24687978,22.751,21.791,21.793,22.03923443,18.70973151,21.04506712,20.636,20.5894,20.5829,20.19624247,15.5365,15.5264,11.5399,9.544,8.5488,8.38719071,8.185863675,7.955364039,7.744753462,NA
"BURUNDI",NA,NA,NA,NA,NA,NA,NA,0,0,0,0,0,0,0,0,0,0,0,0,0,NA,NA,NA,NA,NA,NA,NA,NA,NA,NA,NA,0,0,0,0,0,0,0,0,0,0,0,0,0,0,0,0,0,0,0,0,NA
"CABO VERDE",NA,NA,NA,NA,NA,NA,NA,0,0,0,0,0,0,0,0,0,0,0,0,0,NA,NA,NA,NA,NA,NA,NA,NA,NA,NA,NA,0,0,0,0,0,0,0,0,0,0,0,0,0,0,0,0,0,0,0,0,NA
"CAMBODIA",NA,NA,NA,NA,NA,NA,NA,0,0,0,0,0,0,0,0,0,0,0,0,0,NA,NA,NA,NA,NA,NA,NA,NA,NA,NA,NA,0,0,0,0,0,0.6,0,0,0,0,0,0,0,0,0,0,0,0,0,0,NA
"CAMEROON",NA,NA,NA,NA,NA,NA,NA,58,87,109,114,135,185,177,174,163,170,161,153,140,130,116,100.9726027,107,116.9726027,121.4520548,113.9863014,113.7763798,102.8489808,108.2087699,102.1814219,97.5957623,89.8459726,91.88719178,86.83584932,81.76153661,77.35060959,65.4585,62.12417397,63.3659,62.99956438,75.3438,98.3637,92.3527,76.32675205,69.22649452,69.59111143,67.02330056,63.61319305,61.26202584,54.39539004,NA
"CANADA",1798.109589,1550.953425,1430.230137,1313.983607,1321.134247,1316.021918,1500.178082,1435.202186,1284.728767,1271.150685,1356.230137,1437.622951,1471.052055,1474.219178,1534.928767,1616.23224,1560.09589,1552.999671,1547.980644,1605.225025,2176.309589,2293.917792,2400.299962,2479.427137,2589.098973,2672.998107,2603.830929,2721.541634,2727.953578,2858.159321,3003.465178,3158.525459,3202.293929,3382.959641,3492.692685,3345.175097,3308.373718,3429.993474,3583.716571,3842.119036,4056.852488,4378.22067,4493.867162,4576.81882,4946.555156,5348.14556,5477.585795,5234.650102,5537.451003,5693.533535,5763.264955,NA
"CAYMAN ISLANDS",NA,NA,NA,NA,NA,NA,NA,0,0,0,0,0,0,0,0,0,0,0,0,0,NA,NA,NA,NA,NA,NA,NA,NA,NA,NA,NA,0,0,0,0,0,0,0,0,0,0,0,0,0,0,0,0,0,0,0,0,NA
"CENTRAL AFRICAN REPUBLIC",NA,NA,NA,NA,NA,NA,NA,0,0,0,0,0,0,0,0,0,0,0,0,0,NA,NA,NA,NA,NA,NA,NA,NA,NA,NA,NA,0,0,0,0,0,0,0,0,0,0,0,0,0,0,0,0,0,0,0,0,NA
"CHAD",NA,NA,NA,NA,NA,NA,NA,0,0,0,0,0,0,0,0,0,0,0,0,0,NA,NA,NA,NA,NA,NA,NA,NA,NA,NA,32.69863014,173.0737705,170,156.2465753,144,127.1639344,119.4712329,122.5205479,114.9643836,104.4836066,100,121,123,114,127.919117,131.5152395,128,122.7540984,105.5232877,109.5643836,124.0109589,NA
"CHILE",NA,NA,NA,NA,NA,NA,NA,46,52,54,50,50,48,44,43,38,36,35,32,29,19.33150685,18.93142466,14.53164658,12.8473306,10.16122192,9.862720548,9.783109589,9.035215847,10.28730137,9.35849863,8.520512329,13.62626503,12.32885753,16.94473151,15.28143288,12.55837923,12.71777671,17.7330411,18.08686712,17.19237158,15.69345616,14.10076575,12.65317397,11.01479727,11.85453425,15.18615205,18.9192411,15.91923607,15.96594636,16.764406,18.0743482,NA
"CHINA",1089.879452,1315.131507,1490.013699,1669.751366,1873.942466,2082.09863,2122.063014,2113.852459,2012.438356,2045,2119.60274,2295.669399,2505.164384,2620.287671,2690,2730.319672,2756.791781,2773.999159,2835.00043,2844.663106,2912.145205,2921.825737,3000.498477,3138.090787,3214.456132,3224.475868,3203.404205,3260.871844,3290.205964,3352.296463,3402.269625,3756.644986,3856.439288,3930.162238,4028.708868,4169.733267,4196.292307,4557.519474,4616.179716,4707.142517,4840.534912,4982.802595,5103.410151,4838.198455,4688.22272,4706.352145,4825.03585,4828.245994,4964.475354,5117.647527,5261.236086,NA
"COLOMBIA",NA,NA,NA,NA,NA,NA,NA,134,133,149,158,174,182,315,396,387,417,454,430,445,456.3643836,463.512126,588.6681863,634.9225137,656.1949781,744.7232877,820.4654767,688.1857923,605.9923178,580.1444575,545.3318575,538.3320301,538.6226685,542.2927178,546.5745151,603.3667109,689.3770562,804.6706658,937.4966507,973.4439721,1032.289732,1015.185547,1034.178438,914.9251536,884.3143851,892.9452643,916.4082891,812.2474289,767.5322711,784.9995885,808.0599319,NA
"COMOROS",NA,NA,NA,NA,NA,NA,NA,0,0,0,0,0,0,0,0,0,0,0,0,0,NA,NA,NA,NA,NA,NA,NA,NA,NA,NA,NA,0,0,0,0,0,0,0,0,0,0,0,0,0,0,0,0,0,0,0,0,NA
"CONGO-BRAZZAVILLE",35,61,37,39,33,33,57,65,83,89,87,121,120,119,123,144,164,165,156,174,188.7808219,176,180.4794521,200.4726776,225.1506849,249.4465753,266.997263,265.1809262,247.5600575,238.4389699,216.8787671,224.7071831,246.4456384,278.0806986,223.4084603,239.8934918,274.536274,345.9815164,295.8984521,270.4483497,248.094526,241.0684849,245.2764,204.8003251,252.6423901,347.2824123,335.4958175,288.9654533,270.7487473,279.3481053,266.767736,NA
"CONGO-KINSHASA",NA,NA,NA,NA,NA,NA,NA,20,20,23,25,32,33,32,32,30,28,29,28,26,23,25,28,29,28,26,26,23,25,23,26,28,25,24,24,19.95765027,22,21,20.16164384,20,20,20,20,20,19,25,24,23,22,21,19,NA
"COOK ISLANDS",NA,NA,NA,NA,NA,NA,NA,0,0,0,0,0,0,0,0,0,0,0,0,0,NA,NA,NA,NA,NA,NA,NA,NA,NA,NA,NA,0,0,0,0,0,0,0,0,0,0,0,0,0,0,0,0,0,0,0,0,NA
"COSTA RICA",NA,NA,NA,NA,NA,NA,NA,0,0,0,0,0,0,-0.2,-0.1,-0.1,-0.2,-0.2,-0.2,-0.2,NA,NA,NA,NA,NA,NA,NA,NA,NA,NA,NA,1.023,1.877,1.856,2.637,2.3118,1.2225,-0.0926,-0.0327,1.259,1.324,1.331,1.479,1.571,0,0,0,0,0.4,0.4,0.4,NA
"COTE D'IVOIRE",NA,NA,NA,NA,NA,NA,NA,2,8,10,24,28,29,20,18,12,1.7,1.7,1.8,1.3,6,7,7,16,14,10,10,7,6,15.8630137,22.93150685,24.777,40.936,63.297,49.044,59.90072732,58.39086027,44.43487671,40.1494411,38.56130055,37.8395,36.8107,30.63850137,41.54509016,39.086376,38.04986,40.404989,37.79513737,34.10932296,31.41025113,30.54148339,NA
"CROATIA",NA,NA,NA,NA,NA,NA,NA,NA,NA,NA,NA,NA,NA,NA,NA,NA,NA,NA,NA,41,39.48767123,38.75692329,38,35.89147268,37.17418082,33.78827123,31.7578137,28.2893388,27.31292329,25.17533425,24.09253973,26.59235519,24.19738356,23.54375342,23.49542466,21.96256667,23.93752192,23.04026164,20.70625479,19.90793333,19.73326027,19.20043014,17.77737808,17.55436721,17.96093699,17.97708082,17.61460959,15.82402623,15.50205567,15.091521,14.47508084,NA
"CUBA",NA,NA,NA,NA,NA,NA,NA,6,9,11,13,16,19,17,17,13,13,12,12,16,20,23,26,26,26,30,38,51.131,54.796,66.04,68.074,60.895,54.186,53.606,53.095,52.774,48.638,58.755,59.719,59.615,57.855,58.56,53.763,48.376,47.008,45.99,40.969,39.46830055,36.8296815,34.59971718,32.60660449,NA
"CYPRUS",NA,NA,NA,NA,NA,NA,NA,0,0,0,0,0,0,0.019478958,-0.014733574,-0.011273702,0.022656951,0.046594227,-0.034491628,-0.1,NA,NA,NA,NA,NA,NA,NA,NA,NA,NA,NA,-0.073,0.02,0.02,0.02,0.2,0.2,0.11,0.13,0.13,0.04,0.03,0,0.01,0,0,0,0,0,0,0,NA
"CZECHIA",NA,NA,NA,NA,NA,NA,NA,NA,NA,NA,NA,NA,NA,NA,NA,NA,NA,NA,NA,NA,NA,5.323126027,5.531747945,4.96997541,9.096054795,8.813953425,7.978284932,7.537986339,7.194528767,8.334345205,9.391909589,17.22988251,17.66733973,13.12536712,13.46951781,11.45446831,9.866409589,15.13348082,15.57843151,15.9663,13.6034,16.8684,16.11971644,14.20323333,11.8499411,10.62148767,9.575063014,10.15842295,10.46574385,9.023746551,9.070515524,NA
"DENMARK",NA,NA,NA,NA,NA,NA,NA,5.3,15,34,44,46,58,76,97,99,117,121,144,163,167.5369863,184.9489863,186.0030822,207.8164536,230.3291808,237.859337,299.8827726,363.0328716,347.9965945,370.7806411,374.3164712,418.2434727,391.7668685,352.3964548,320.9687397,290.379888,263.9536849,248.9426301,224.6700452,205.5172831,179.5596671,169.1641123,161.5371753,142.364012,142.5558411,119.9801946,107.1593252,76.52829436,69.46091961,70.13602235,65.03001449,NA
"DJIBOUTI",NA,NA,NA,NA,NA,NA,NA,0,0,0,0,0,0,0,0,0,0,0,0,0,NA,NA,NA,NA,NA,NA,NA,NA,NA,NA,NA,0,0,0,0,0,0,0,0,0,0,0,0,0,0,0,0,0,0,0,0,NA
"DOMINICA",NA,NA,NA,NA,NA,NA,NA,0,0,0,0,0,0,0,0,0,0,0,0,0,NA,NA,NA,NA,NA,NA,NA,NA,NA,NA,NA,0,0,0,0,0,0,0,0,0,0,0,0,0,0,0,0,0,0,0,0,NA
"DOMINICAN REPUBLIC",NA,NA,NA,NA,NA,NA,NA,1,1,1,1,1,1,-0.2,0.043513383,0.037153263,0.090471067,-0.1,-0.2,-0.9,NA,NA,NA,NA,NA,NA,NA,NA,NA,NA,NA,-0.449,-0.389,-0.309,-0.392,-0.255,0.03028,-0.0348,-0.0851,-0.0834,-0.0868,-0.0296,-0.0899,-0.0872,-0.0909,-0.0919,-0.0932,-0.0881,-0.096354854,-0.095013859,-0.097246977,NA
"ECUADOR",208.7808219,177.0410959,160.8575342,187.5273224,183.3998932,201.7890411,214.0684932,204.1530055,211.1643836,210.8630137,237.1232877,257.9234973,281.2438356,293.2739726,174.0958904,302.1530055,278.7972603,285.0410959,299.0657534,320.9995492,341.6547945,379.2246575,384,382.8360656,391.1135507,378.1418685,375.7486986,404.1540683,432.7901205,393.8910137,422.6574603,526.7708825,534.6720192,538.7035918,505.6884712,507.7577022,488.5091973,489.1028767,502.1340219,507.6430792,531.0234082,561.5420575,548.3688411,552.4072295,535.9282877,522.2432662,536.3766894,484.8638239,475.6496459,483.768067,478.0209227,NA
"EGYPT",164.9999808,149.9999288,235.0000466,330.0000519,414.9999699,485.0002712,524.9999808,594.9997377,597.9997589,670.0000986,727.0287699,821.9999016,887.000063,813.000126,896.0000082,848.0000601,865.0003315,873.000726,874.0011233,881.218847,959.5616438,931,933,913,878,857,838,711.2113525,701.3217205,697.9362767,714.5203178,740.2960328,641.6489753,641.0235726,658.078863,668.9829071,680.2043288,694.9824247,702.2116438,704.8338197,707.3573836,707.0174521,717.4431644,685.4975137,711.5735258,729.812823,716.8338123,681.5823172,659.8219063,666.6487442,666.3163873,NA
"EL SALVADOR",NA,NA,NA,NA,NA,NA,NA,0,0,0,0,0,0,0.00263546,-0.047689205,-0.055283356,0.01508158,-0.061505171,-0.1,-0.043107022,NA,NA,NA,NA,NA,NA,NA,NA,NA,NA,NA,-0.204,0.966,5.308,4.297,4.197,1.823,-0.442,-0.305,-0.254,0.003,0.003,0,0,0,0.003,0.003,0.003,0.003,0.003,0.003,NA
"EQUATORIAL GUINEA",0,0,0,0,0,0,0,0,0,0,0,0,0,0,0,0,0,0,0.1,1.6,NA,4.671232877,7.756164384,17.67759563,59.77808219,81.52054795,102.3260274,117.6038251,193.9205479,230.2465753,265.9972603,374.6748634,380.1807096,375.7621315,363.257463,359.203153,346.0160685,322.7103836,298.8880329,310.4,290.7972603,278,268,244,202.7787671,184.9843836,166.7671233,157.5628415,142.5616438,128.3835616,97.53792433,NA
"ERITREA",NA,NA,NA,NA,NA,NA,NA,NA,NA,NA,NA,NA,NA,NA,NA,NA,NA,NA,NA,NA,NA,NA,NA,NA,NA,NA,NA,NA,NA,NA,NA,0,0,0,0,0,0,0,0,0,0,0,0,0,0,0,0,0,0,0,0,NA
"ESTONIA",NA,NA,NA,NA,NA,NA,NA,NA,NA,NA,NA,NA,NA,NA,NA,NA,NA,NA,NA,-0.08259328,5.090410959,5.753526027,5.983583562,6.71313388,7.153610959,4.276709589,3.011008219,4.685806011,5.024665753,5.542539726,6.09870137,6.532748634,4.794539726,8.361605479,8.150750685,7.6,9,10,11,11,13,13,16,14,18.39184658,21.55610137,22.59188767,22.91243443,21.84374247,21.21090685,23.74243562,NA
"ESWATINI",NA,NA,NA,NA,NA,NA,NA,0,0,0,0,0,0,0,0,0,0,0,0,0,NA,NA,NA,NA,NA,NA,NA,NA,NA,NA,NA,0,0,0,0,0,0,0.431,0.551,0.827,0.827,0.775,0.81,0.775,0,0,0,0,0,0,0,NA
"ETHIOPIA",NA,NA,NA,NA,NA,NA,NA,0,0,0,0,0,0,-0.3,-0.3,-0.3,-0.3,-0.3,-0.05196,-0.1,NA,NA,NA,NA,NA,NA,NA,NA,NA,NA,NA,0,0,0,0,0.1,0.1,0.1,0.1,0.1,0.167,0.211,0.296,0.354,0,0,0,0,0,0,0,NA
"FALKLAND ISLANDS",NA,NA,NA,NA,NA,NA,NA,0,0,0,0,0,0,0,0,0,0,0,0,0,NA,NA,NA,NA,NA,NA,NA,NA,NA,NA,NA,0,0,0,0,0,0,0,0,0,0,0,0,0,0,0,0,0,0,0,0,NA
"FAROE ISLANDS",NA,NA,NA,NA,NA,NA,NA,0,0,0,0,0,0,0,0,0,0,0,0,0,NA,NA,NA,NA,NA,NA,NA,NA,NA,NA,NA,0,0,0,0,0,0,0,0,0,0,0,0,0,0,0,0,0,0,0,0,NA
"FIJI",NA,NA,NA,NA,NA,NA,NA,0,0,0,0,0,0,0,0,0,0,0,0,0,NA,NA,NA,NA,NA,NA,NA,NA,NA,NA,NA,0,0,0,0,0,0,0,0,0,0,0,0,0,0,0,0,0,0,0,0,NA
"FINLAND",NA,NA,NA,NA,NA,NA,NA,-0.4,0.8,2,3.1,4.2,4.2,4.8,5.4,5.4,5.2,5.7,6.6,7.4,NA,NA,NA,NA,NA,NA,NA,NA,NA,NA,NA,9.155,9.171,10.111,9.789,8.362,8.2552,14.7762,12.9023,14.0008,15.199,16.245,16.5121,9.3942,16.0481,16.2243,16.4589,16.0127,16.73502355,16.61781569,16.82755686,NA
"FORMER CZECHOSLOVAKIA",NA,NA,NA,NA,NA,NA,NA,2.1,2.1,2.1,2.1,-4.5,-4.3,-2.7,-2.2,-0.8,-0.2,0.8,2.1,2.2,NA,NA,NA,NA,NA,NA,NA,NA,NA,NA,NA,NA,NA,NA,NA,NA,NA,NA,NA,NA,NA,NA,NA,NA,NA,NA,NA,NA,NA,NA,NA,NA
"FORMER SERBIA AND MONTENEGRO",NA,NA,NA,NA,NA,NA,NA,NA,NA,NA,NA,NA,NA,NA,NA,NA,NA,NA,NA,23,25,21.56,21.32,20.544,19.58,18.26,17,20,18,16,15,16.612,15.58564384,NA,NA,NA,NA,NA,NA,NA,NA,NA,NA,NA,NA,NA,NA,NA,NA,NA,NA,NA
"FORMER U.S.S.R.",8323.972603,8912.035616,9523.032877,10060,10602.93425,11105.11781,11384.21918,11705.93443,11850.06301,11911.92877,11971.75342,11860.74863,11584.74521,11894.82466,12050.16252,12053.43165,11715.09111,10975.04297,9992.004236,NA,NA,NA,NA,NA,NA,NA,NA,NA,NA,NA,NA,NA,NA,NA,NA,NA,NA,NA,NA,NA,NA,NA,NA,NA,NA,NA,NA,NA,NA,NA,NA,NA
"FORMER YUGOSLAVIA",NA,NA,NA,NA,NA,NA,NA,88,88,89,87,84,90,87,90,87,77,72,68,NA,NA,NA,NA,NA,NA,NA,NA,NA,NA,NA,NA,NA,NA,NA,NA,NA,NA,NA,NA,NA,NA,NA,NA,NA,NA,NA,NA,NA,NA,NA,NA,NA
"FRANCE",NA,NA,NA,NA,NA,NA,NA,83,92,86,89,93,106,107,111,119,116,112,113,114,67.67671233,68.2165589,61.41372055,56.10120492,48.06578356,42.50703562,42.11794247,43.58504098,39.9727863,37.93161096,38.94263014,88.55348634,84.82229863,80.99742192,73.44918356,75.0559,69.55148493,126.4947315,121.271837,117.8228661,119.0561397,120.9454863,122.8958329,106.204289,110.2771851,116.3632238,99.63383575,105.5583306,107.9123999,106.4817654,106.9271975,NA
"FRENCH GUIANA",NA,NA,NA,NA,NA,NA,NA,0,0,0,0,0,0,0,0,0,0,0,0,0,NA,NA,NA,NA,NA,NA,NA,NA,NA,NA,NA,0,0,0,0,0,0,0,0,0,0,0,0,0,0,0,0,0,0,0,0,NA
"FRENCH POLYNESIA",NA,NA,NA,NA,NA,NA,NA,0,0,0,0,0,0,0,0,0,0,0,0,0,NA,NA,NA,NA,NA,NA,NA,NA,NA,NA,NA,0,0,0,0,0,0,0,0,0,0,0,0,0,0,0,0,0,0,0,0,NA
"GABON",150,202,223,223,222,209,203,175,151,156,157,157,172,166,155,159,208,269.9150685,293.9753425,297.6502732,295.9506849,344.4931507,368.6027397,371,375.9726027,356.4726027,318.2054795,275.5955027,261.9416603,256.2712795,273.5582274,272.949541,269.712,241.663,245.676,247.764612,241.9547671,245.3677123,240.8784247,229.69,219.648,219.669,213.0247671,210.5246721,198.5423151,195.5246164,201.4658219,173.3358798,174.7152686,195.4868329,203.9450207,NA
"GAMBIA, THE",NA,NA,NA,NA,NA,NA,NA,0,0,0,0,0,0,0,0,0,0,0,0,0,NA,NA,NA,NA,NA,NA,NA,NA,NA,NA,NA,0,0,0,0,0,0,0,0,0,0,0,0,0,0,0,0,0,0,0,0,NA
"GEORGIA",NA,NA,NA,NA,NA,NA,NA,NA,NA,NA,NA,NA,NA,NA,NA,NA,NA,NA,NA,2.9,1,2,1.396,2.553,2.8,2.38,1.2,2.188,1.976,1.478,2.794,1.926,1.311,1.251386301,1.120835616,0.9799,0.99394,1,1,1.005667,1,1,0.794802055,0.39549,0.412373973,0.372404384,0.337360822,0.31283071,0.291052699,0.270956116,0.252092784,NA
"GERMANY",NA,NA,NA,NA,NA,NA,NA,NA,NA,NA,NA,NA,NA,NA,NA,NA,NA,NA,148,132,80.12328767,76.36442192,76.27665753,72.76243716,73.47965753,75.63845479,75.4411589,85.82327049,85.53984384,91.23853425,94.61652329,167.8761749,145.7412548,157.0709315,143.9851397,152.0152672,148.3562068,205.3683,210.3131,203.2896,198.5905836,193.9047712,186.4336137,172.4824372,165.9146009,169.2988294,162.1298595,185.5801208,188.7047878,185.2228617,185.2435463,NA
"GERMANY, EAST",NA,NA,NA,NA,NA,NA,NA,-6.2,-6.6,-7,-5.6,3.9,0.6,1.1,1.8,2.2,2.5,4,NA,NA,NA,NA,NA,NA,NA,NA,NA,NA,NA,NA,NA,NA,NA,NA,NA,NA,NA,NA,NA,NA,NA,NA,NA,NA,NA,NA,NA,NA,NA,NA,NA,NA
"GERMANY, WEST",NA,NA,NA,NA,NA,NA,NA,124,108,117,129,140,148,148,143,155,149,151,NA,NA,NA,NA,NA,NA,NA,NA,NA,NA,NA,NA,NA,NA,NA,NA,NA,NA,NA,NA,NA,NA,NA,NA,NA,NA,NA,NA,NA,NA,NA,NA,NA,NA
"GHANA",NA,NA,NA,NA,NA,NA,NA,2,2,2,2,2,1,0.2,0.09428577,0.0856578,-0.056671991,-0.041521985,0.2,1.2,NA,6,6,6.75136612,7,7,7,7,7,7,7,8.574,7.399,7.081,7.691,7.1769,6.7683,8.314141096,77.54802877,79.08139126,98.64722877,105.5749781,102.9400644,98.92695574,151.3358274,173.2359781,200.8592507,202.0483318,186.3590626,175.2579872,174.3099327,NA
"GIBRALTAR",NA,NA,NA,NA,NA,NA,NA,0,0,0,0,0,0,0,0,0,0,0,0,0,NA,NA,NA,NA,NA,NA,NA,NA,NA,NA,NA,0,0,0,0,0,0,0,0,0,0,0,0,0,0,0,0,0,0,0,0,NA
"GREECE",NA,NA,NA,NA,NA,NA,NA,1,10,24,29,31,30,24,25,24,21,19,19,20,11.49315068,10.96256438,9.320547945,9.862565574,9.564383562,6.980821918,0.254794521,5.915300546,4.082191781,4.043287671,3.002739726,4.991344262,5.197978082,6.752021918,5.578523288,6.3828,5.709271233,9.802846575,8.707684932,10.33939891,10.21487534,10.65104384,10.61451233,13.29583115,13.11281507,15.67659863,16.0165726,13.98302077,14.51247979,14.3393126,14.56667615,NA
"GREENLAND",NA,NA,NA,NA,NA,NA,NA,0,0,0,0,0,0,0,0,0,0,0,0,0,NA,NA,NA,NA,NA,NA,NA,NA,NA,NA,NA,0,0,0,0,0,0,0,0,0,0,0,0,0,0,0,0,0,0,0,0,NA
"GRENADA",NA,NA,NA,NA,NA,NA,NA,0,0,0,0,0,0,0,0,0,0,0,0,0,NA,NA,NA,NA,NA,NA,NA,NA,NA,NA,NA,0,0,0,0,0,0,0,0,0,0,0,0,0,0,0,0,0,0,0,0,NA
"GUADELOUPE",NA,NA,NA,NA,NA,NA,NA,0,0,0,0,0,0,0,0,0,0,0,0,0,NA,NA,NA,NA,NA,NA,NA,NA,NA,NA,NA,0,0,0,0,0,0,0,0,0,0,0,0,0,0,0,0,0,0,0,0,NA
"GUAM",NA,NA,NA,NA,NA,NA,NA,0,0,0,0,0,0,0,0,0,0,0,0,0,NA,NA,NA,NA,NA,NA,NA,NA,NA,NA,NA,0,0,0,0,0,0,0,0,0,0,0,0,0,0,0,0,0,0,0,0,NA
"GUATEMALA",NA,NA,NA,NA,NA,NA,NA,5,5,6,7,5,3,5.1,4,3,4,3.9,4.4,4.6,6,7,9.35,15,20,25,23,21,21,24.74794521,24.58082192,20.2431694,18.02,17.32,17.923,18.44139197,16.54077,14.97761904,14.97336986,14.60624885,13.99899452,14.06737356,12.56789699,12.82802634,9.648205698,13.26256121,13.61860779,11.82472361,11.15616026,11.02927009,6.184003,NA
"GUINEA",NA,NA,NA,NA,NA,NA,NA,0,0,0,0,0,0,0,0,0,0,0,0,0,NA,NA,NA,NA,NA,NA,NA,NA,NA,NA,NA,0,0,0,0,0,0,0,0,0,0,0,0,0,0,0,0,0,0,0,0,NA
"GUINEA-BISSAU",NA,NA,NA,NA,NA,NA,NA,0,0,0,0,0,0,0,0,0,0,0,0,0,NA,NA,NA,NA,NA,NA,NA,NA,NA,NA,NA,0,0,0,0,0,0,0,0,0,0,0,0,0,0,0,0,0,0,0,0,NA
"GUYANA",NA,NA,NA,NA,NA,NA,NA,0,0,0,0,0,0,0,0,0,0,0,0,0,NA,NA,NA,NA,NA,NA,NA,NA,NA,NA,NA,0,0,0,0,0,0,0,0,0,0,0,0,0,0,0,1.273972603,74.6189071,116.9130192,289.5947726,391.3876904,NA
"HAITI",NA,NA,NA,NA,NA,NA,NA,0,0,0,0,0,0,0,0,0,0,0,0,0,NA,NA,NA,NA,NA,NA,NA,NA,NA,NA,NA,0,0,0,0,0,0,0,0,0,0,0,0,0,0,0,0,0,0,0,0,NA
"HAWAIIAN TRADE ZONE",NA,NA,NA,NA,NA,NA,NA,0,0,0,0,0,-0.07457016,-0.3,NA,NA,NA,NA,NA,NA,NA,NA,NA,NA,NA,NA,NA,NA,NA,NA,NA,NA,NA,NA,NA,NA,NA,NA,NA,NA,NA,NA,NA,NA,NA,NA,NA,NA,NA,NA,NA,NA
"HONDURAS",NA,NA,NA,NA,NA,NA,NA,0,0,0,0,0,0,-0.014579456,-0.008043682,-0.013075576,-0.06146015,-0.1,-0.1,-0.095007036,NA,NA,NA,NA,NA,NA,NA,NA,NA,NA,NA,0,0.001,0.02,0.02,0.02,0.02,0.02,0.02,0.02,0.02,0.02,0,0,0,0.02,0.02,0.02,0.02,0.02,0.02,NA
"HONG KONG",NA,NA,NA,NA,NA,NA,NA,0,0,0,0,0,0,0,0,0,0,0,0,0,NA,NA,NA,NA,NA,NA,NA,NA,NA,NA,NA,0,0,0,0,0,0,0.08,0.58,0.1,0.3,2.1,0.071,0.071,0.096,0.096,0.096,0.096,0.096,0.096,0.096,NA
"HUNGARY",NA,NA,NA,NA,NA,NA,NA,58,58,62,61,63,63,64,60,65,54,58,49,49,55.7369863,38.07945205,54.23293699,59.15293989,51.8713726,41.53012055,39.26694521,38.87650273,39.16165479,37.72877534,43.56457808,46.99938798,37.76809589,37.61134247,33.06520822,37.53333497,34.6990589,34.62242329,30.72528219,33.85487158,35.3886,30.01249041,33.1453,36.66363333,38.44027808,39.73092192,39.52169589,37.04590437,39.30469505,39.27881093,40.16651315,NA
"ICELAND",NA,NA,NA,NA,NA,NA,NA,0,0,0,0,0,0,0,0,0,0,0,0,0,NA,NA,NA,NA,NA,NA,NA,NA,NA,NA,NA,0,0,0,0,0,0,0,0,0,0,0,0,0,0,0,0,0,0,0,0,NA
"INDIA",NA,NA,NA,NA,NA,NA,NA,186,329,395,485,525,626,646,627,655,724,682,639,602,543.4849315,730.6605479,805.6596055,761.0115191,787.7265589,769.7075863,771.0301534,769.9690492,768.0077123,794.5258219,800.9086164,849.7867951,832.5126164,866.692589,893.5561808,873.7709328,867.793811,951.4215493,992.0966603,998.6838142,993.5948932,990.3166219,994.5459342,980.6698393,986.1620798,985.6854096,957.0704353,885.9262232,905.3633125,920.3791153,912.1467298,NA
"INDONESIA",NA,NA,NA,NA,NA,NA,NA,1659,1712,1431,1448,1498,1380,1426,1370,1369,1481,1537,1666,1577,1592.736986,1671.764,1662.678,1654.606,1633.372,1598.845,1540.487,1447.447,1375.502,1280.288567,1175.688,1119.739,1099.906753,1035.245,984.736,1022.958552,1001.656748,1013.360741,985.2394205,957.2503279,927.056789,909.1904,861.9437438,940.9991186,893.7166397,909.4651493,916.7774795,894.6906984,858.0648493,833.668177,881.2357216,NA
"IRAN",5861.432877,6021.879452,5349.890411,5883.065574,5662.90411,5241.882192,3168.068493,1661.967213,1379.956164,2213.838356,2439.756164,2174.31694,2250.474183,2034.986301,2298.057534,2240.030055,2809.873973,3087.998989,3311.999723,3429.098361,3698.767123,3662.287671,3701.712329,3717.964481,3671.449315,3705.010959,3572.150685,3759.699454,3775.024658,3509.843836,3958.739745,4168.41329,4198.72046,4260.255329,4365.406507,4177.480909,4177.604115,4271.964499,4266.265288,3594.787727,3354.36513,3486.822741,3555.551937,4438.250367,4779.400744,4558.912281,3281.936508,2990.473598,3457.531642,3660.556671,3992.47854,NA
"IRAQ",2017.821918,1971.008219,2261.980822,2414.986339,2347.882192,2563.010959,3477.024658,2514.23224,999.9013699,1012.10137,1005.068493,1209.016393,1433.150685,1690.054795,2078.794521,2684.959016,2897.147945,2039.999827,305.0002466,425,483,530.9726027,555,581.510929,1161.550685,2127.172603,2535.808219,2582.026216,2377.122556,2032.306077,1334.969677,2006.952191,1833.227753,1920.865397,2112.818759,2384.721399,2399.743096,2434.745526,2661.644384,3014.009333,3081.923562,3428.006096,4123.103822,4530.191393,4518.889932,4680.76089,4783.264863,4151.775579,4149.022058,4553.356668,4423.970262,NA
"IRELAND",NA,NA,NA,NA,NA,NA,NA,-0.6,-0.2,-0.1,-0.1,-0.1,-0.1,-0.2,-0.2,-0.1,-0.074430137,-0.2,-0.2,-0.2,NA,NA,NA,NA,NA,NA,NA,NA,NA,NA,NA,-0.153,-0.051,-0.182,-0.557,-0.413,-0.256,1.261,0.276,0.5732,0.4,0.419,0.21,0.308,0.414,0.5406,0.7704,0.7611,0.77615484,0.773742709,0.778002028,NA
"ISRAEL",NA,NA,NA,NA,NA,NA,NA,35,36,1,1,1,1,1.6,1.4,1.5,0.8,0.9,-0.054707786,0.1,NA,0.504109589,1,1,1,1,1,NA,NA,NA,NA,5.951,3.709,3.972,4.768,5.3504,5.3563,5.0783,5.1218,5.9913,5.4753,5.7155,5.2192,4.7322,5.4707,6.2118,6.6105,8.3036,8.800413885,9.719812737,20.85446084,NA
"ITALY",NA,NA,NA,NA,NA,NA,NA,68,68,65,78,82,84,67,85,109,102,109,104,112,86.27945205,88.08775068,96.32325753,103.5956475,113.3752932,108.0767726,86.14247397,77.97545628,64.16438356,84.87668493,90.42191781,152.869112,160.7713836,158.244263,162.4156027,162.3997486,139.6970123,166.5125795,156.7248822,151.8888131,181.0267425,175.6958712,181.3312589,142.8987634,128.7358205,143.1357808,123.5097712,152.2288519,146.7919775,131.3605042,151.6989361,NA
"JAMAICA",NA,NA,NA,NA,NA,NA,NA,0,0,0,0,0,0,-0.7,-0.4,-0.4,-0.5,-0.6,-0.4,-0.6,NA,NA,NA,NA,NA,NA,NA,NA,NA,NA,NA,1.507,1.842,4.585,4.346,5.734,6.102,1.277,2.312,2.354,2.345,2.455,-0.714,0.935,-0.721,-0.73,-0.74,-0.7,2.234555963,2.24506582,2.227294152,NA
"JAPAN",NA,NA,NA,NA,NA,NA,NA,40,38,44,39,46,51,52,55,60,63,67,77,82,18.31506849,18.73972603,18.73150685,21.10953279,18.82191781,17.98082192,17.06849315,17.47213115,17.73972603,14.73150685,16.89315068,123.3892678,128.6466548,128.9545452,132.5565863,129.3512383,121.9766658,123.3259096,114.4336315,106.1802372,110.5149534,107.5159849,110.8834753,95.86183279,102.9029534,98.15813973,101.2574274,95.94632732,103.5730304,100.949399,102.5879659,NA
"JORDAN",NA,NA,NA,NA,NA,NA,NA,0,0,0,0,0,0,1.2,0.7,0.8,0.5,0.6,0.8,0.4,NA,NA,NA,NA,NA,NA,NA,NA,NA,NA,NA,-0.364,-0.259,-0.128,0.088,0.678,0.5339,0.1414,0.409,0.3596,0.2972,0.4094,0.3174,0.3085,0.3184,0.322,0.3262,0.3095,0.336632164,0.332219208,0.33956901,NA
"KAZAKHSTAN",NA,NA,NA,NA,NA,NA,NA,NA,NA,NA,NA,NA,NA,NA,NA,NA,NA,NA,NA,443,486.7123288,406.8633699,423.3181808,453.7515246,521.8676301,525.1751808,612.6549945,717.7861612,822.2519836,975.9779562,1064.826033,1247.088393,1297.012542,1366.632663,1420.383077,1430.716317,1540.768759,1608.09836,1636.886285,1605.00361,1657.654933,1719.022647,1750.679411,1697.516454,1879.225136,1965.466827,1965.877634,1859.555786,1863.563248,1829.3171,1957.422987,NA
"KENYA",NA,NA,NA,NA,NA,NA,NA,1,1,1,1,1,1,-0.1,-0.08071099,-0.083132248,-0.028697183,-0.1,-0.1,-0.1,NA,NA,NA,NA,NA,NA,NA,NA,NA,NA,NA,-0.263,-0.161,-0.318,-0.136,-0.155,-0.144,0.3758,0.398,0.462,0.6626,0.8433,0.8325,0.8334,-0.0298,-0.0301,-0.0305,-0.0289,-0.031600244,-0.031167997,-0.031904851,NA
"KIRIBATI",NA,NA,NA,NA,NA,NA,NA,0,0,0,0,0,0,0,0,0,0,0,0,0,NA,NA,NA,NA,NA,NA,NA,NA,NA,NA,NA,0,0,0,0,0,0,0,0,0,0,0,0,0,0,0,0,0,0,0,0,NA
"KOSOVO",NA,NA,NA,NA,NA,NA,NA,NA,NA,NA,NA,NA,NA,NA,NA,NA,NA,NA,NA,NA,NA,NA,NA,NA,NA,NA,NA,NA,NA,NA,NA,NA,NA,NA,NA,NA,NA,NA,NA,NA,NA,NA,NA,NA,NA,NA,NA,NA,NA,NA,NA,NA
"KUWAIT",3019.975342,2546.342466,2083.684932,2145.155738,1968.931507,2131.030137,2500.057534,1656.125683,1125.189041,822.9726027,1064.032877,1156.644809,1022.578082,1419.019178,1584.950685,1491.576503,1783.115068,1174.999855,189.9997151,1058.382057,1762.717808,1921.109589,1934.287671,1911.639344,1951.232877,1926.30411,1768.057534,1879.590164,1837.868493,1726.041096,1994.750685,2180.525164,2560.89789,2630.591918,2566.698452,2727.92291,2504.671397,2449.248959,2716.690726,2833.816355,2899.821,2891.949795,3060.352233,3163.092475,3025.003164,3058.648096,3017.175438,2734.785251,2716.895738,3022.21535,2906.367629,NA
"KYRGYZSTAN",NA,NA,NA,NA,NA,NA,NA,NA,NA,NA,NA,NA,NA,NA,NA,NA,NA,NA,NA,2.3,1.747945205,1.753424658,2,1.995,1.694,2.3,1.5,1.5,1.5,1.51,1.37,1.411726776,2.128484932,1.315772603,1.17489589,0.9453,1,0.966,0.9632,0.9684,0.9643,1.005456,0.9783,0.9789,3.4781,3.9778,4.6775,4.7787,5.276728545,5.903028432,6.176487997,NA
"LAOS",NA,NA,NA,NA,NA,NA,NA,0,0,0,0,0,0,0,0,0,0,0,0,0,NA,NA,NA,NA,NA,NA,NA,NA,NA,NA,NA,0,0,0,0,0,0,0,0,0,0,0,0,0,0,0,0,0,0,0,0,NA
"LATVIA",NA,NA,NA,NA,NA,NA,NA,NA,NA,NA,NA,NA,NA,NA,NA,NA,NA,NA,NA,0,NA,NA,NA,NA,NA,NA,NA,NA,NA,NA,NA,0.2,0.3,0.3,0.5,0.9,1.2,1.186,1.229,1.9,1.429,1.581,1.249,0.922,1.595,1.595,1.595,1.595,1.595,1.595,1.595,NA
"LEBANON",NA,NA,NA,NA,NA,NA,NA,0,0,0,0,0,0,-0.6,-0.054641574,0.3,0.3,0.3,0.3,0.3,NA,NA,NA,NA,NA,NA,NA,NA,NA,NA,NA,0,0,0,0,0,0,0,0,0,0,0,0,0,0,0,0,0,0,0,0,NA
"LESOTHO",NA,NA,NA,NA,NA,NA,NA,0,0,0,0,0,0,0,0,0,0,0,0,0,NA,NA,NA,NA,NA,NA,NA,NA,NA,NA,NA,0,0,0,0,0,0,0,0,0,0,0,0,0,0,0,0,0,0,0,0,NA
"LIBERIA",NA,NA,NA,NA,NA,NA,NA,0,0,0,0,0,0,0,0,0,0,0,0,0,NA,NA,NA,NA,NA,NA,NA,NA,NA,NA,NA,0,0,0,0,0,0,0,0,0,0,0,0,0,0,0,0,0,0,0,0,NA
"LIBYA",2175.019178,1520.906849,1479.939726,1933.057377,2063.021918,1982.967123,2092.09863,1786.852459,1140.221918,1149.964384,1105.356164,1087.15847,1058.684932,1033.69863,971.8630137,1174.743169,1150.035616,1375.000252,1483.150685,1432.99208,1399.589041,1390.082192,1431.589041,1442.213115,1482.657534,1533.082192,1438.441096,1471.29235,1424.616438,1376.136986,1482.657534,1608.941388,1720.599658,1819.508342,1824.155,1941.498333,1845.09431,1845.073,521.8751644,1547.751426,1046.092949,576.1498082,492.9736027,478.7167923,912.880411,1045.936904,1192.635233,417.0947705,1251.737044,1076.834582,1244.349453,NA
"LITHUANIA",NA,NA,NA,NA,NA,NA,NA,NA,NA,NA,NA,NA,NA,NA,NA,NA,NA,NA,NA,-0.5,NA,NA,NA,NA,NA,NA,NA,NA,NA,NA,NA,11.411,9.833,8.375,7.619,9.8238,8.7729,9.1888,8.4324,8.7439,8.7847,8.3903,8.6091,8.2037,8.6949,8.8007,8.7603,8.5016,8.920446428,8.85251954,8.973922898,NA
"LUXEMBOURG",NA,NA,NA,NA,NA,NA,NA,0,0,0,0,0,0,0,0,0,0,0,0,0,NA,NA,NA,NA,NA,NA,NA,NA,NA,NA,NA,0,0,0,0,0,0,0,0,0,0,0,0,0,0,0,0,0,0,0,0,NA
"MACAU",NA,NA,NA,NA,NA,NA,NA,0,0,0,0,0,0,0,0,0,0,0,0,0,NA,NA,NA,NA,NA,NA,NA,NA,NA,NA,NA,0,0,0,0,0,0,0,0,0,0,0,0,0,0,0,0,0,0,0,0,NA
"MADAGASCAR",NA,NA,NA,NA,NA,NA,NA,0,0,0,0,0,0,-0.2,-0.088766473,-0.1,-0.073126895,-0.088408285,-0.1,-0.034724023,NA,NA,NA,NA,NA,NA,NA,NA,NA,NA,NA,0.092,0.085,0,0,0,0,0,0,0,0,0,0,0,0,0,0,0,0,0,0,NA
"MALAWI",NA,NA,NA,NA,NA,NA,NA,0,0,0,0,0,0,0,0,0,0,0,0,0,NA,NA,NA,NA,NA,NA,NA,NA,NA,NA,NA,0.2,0.2,0.2,0.2,0.2,0.2,0.327,0.345,0.345,0.345,0.345,0.431,0.517,0,0,0,0,0,0,0,NA
"MALAYSIA",NA,NA,NA,NA,NA,NA,NA,284,265,307,366,451,451,513,508,551,597,630,657,667,632.0356164,697.932,770.061,760.689,760.8440685,767.035,731.837,711.2865246,756.149263,804.4620849,832.9543233,803.5842295,790.8508356,749.6182192,751.7960932,759.3989809,718.0353096,731.371574,667.4353411,672.5986093,644.5055205,670.8242425,724.4397822,756.8867262,754.2847926,753.6529097,711.4266623,655.542492,608.6511466,602.6175687,597.1912496,NA
"MALDIVES",NA,NA,NA,NA,NA,NA,NA,0,0,0,0,0,0,0,0,0,0,0,0,0,NA,NA,NA,NA,NA,NA,NA,NA,NA,NA,NA,0,0,0,0,0,0,0,0,0,0,0,0,0,0,0,0,0,0,0,0,NA
"MALI",NA,NA,NA,NA,NA,NA,NA,0,0,0,0,0,0,0,0,0,0,0,0,0,NA,NA,NA,NA,NA,NA,NA,NA,NA,NA,NA,0,0,0,0,0,0,0,0,0,0,0,0,0,0,0,0,0,0,0,0,NA
"MALTA",NA,NA,NA,NA,NA,NA,NA,0,0,0,0,0,0,0,0,0,0,0,0,0,NA,NA,NA,NA,NA,NA,NA,NA,NA,NA,NA,0,0.04,0.04,0.02,0.02,0.02,0,0,0,0,0,0,0,0,0,0,0,0,0,0,NA
"MARTINIQUE",NA,NA,NA,NA,NA,NA,NA,0,0,0,0,0,0,0.029178402,0.026517349,0.025351196,0.048894263,0.016772745,0.01854566,0.018159362,NA,NA,NA,NA,NA,NA,NA,NA,NA,NA,NA,-0.09,-0.078,-0.097,-0.081,-0.0844,-0.215,-0.207,-0.22,-0.225,-0.229,-0.25,-0.247,-0.24,-0.25,-0.253,-0.256,-0.242,-0.264824078,-0.260991531,-0.267135409,NA
"MAURITANIA",NA,NA,NA,NA,NA,NA,NA,0,0,0,0,0,0,0,-0.3,0.2,0.1,0.1,0.1,-0.046660225,NA,NA,NA,NA,NA,NA,NA,NA,NA,NA,NA,0,0,31.21369863,15.98630137,12.83333333,11.24521918,8.232232877,7.737641096,6.577076503,6.750410959,6.003005479,5.246575342,4.836065574,0,0,0,0,0,0,0,NA
"MAURITIUS",NA,NA,NA,NA,NA,NA,NA,0,0,0,0,0,0,0,0,0,0,0,0,0,NA,NA,NA,NA,NA,NA,NA,NA,NA,NA,NA,0,0,0,0,0,0,0.517,0.482,0.431,0.414,0.603,0.517,0.517,0,0,0,0,0,0,0,NA
"MEXICO",464.6986301,571.2821918,705.0547945,830.9262295,980.9561644,1209.024658,1461.241096,1936.199454,2313.183562,2748.150685,2689.465753,2780.286885,2744.849315,2434.827397,2548.369863,2511.846995,2520.016438,2553.026433,2679.795433,2669.319792,3135.252055,3083.093321,3026.895611,3285.021383,3460.795277,3521.112044,3368.603575,3452.022484,3565.17891,3592.43317,3796.948244,3857.691757,3789.621162,3716.271151,3506.83966,3185.621225,2996.855584,2974.818644,2955.386274,2934.982157,2907.736407,2813.745173,2615.571618,2478.10068,2245.236012,2074.197923,1918.370701,1946.186339,1969.014066,2030.006079,2119.326228,NA
"MICRONESIA",NA,NA,NA,NA,NA,NA,NA,NA,NA,NA,NA,NA,NA,NA,NA,NA,NA,NA,NA,NA,NA,NA,NA,NA,NA,NA,NA,NA,NA,NA,NA,NA,NA,NA,NA,NA,NA,NA,NA,NA,NA,NA,NA,NA,NA,NA,NA,NA,NA,NA,NA,NA
"MOLDOVA",NA,NA,NA,NA,NA,NA,NA,NA,NA,NA,NA,NA,NA,NA,NA,NA,NA,NA,NA,0,NA,NA,NA,NA,NA,NA,NA,NA,NA,NA,NA,0,0,0,0,0,0,0,0,0,0,0,0,0,0,0,0,0,0,0,0,NA
"MONGOLIA",NA,NA,NA,NA,NA,NA,NA,0,0,0,0,0,0,0,0,0,0,0,0,0,NA,NA,NA,NA,NA,NA,NA,0.18,0.2,0.38,0.5,0.598,0.54,1.04,2.32,3.208,5.123,5.976,6.98329589,9.934508197,14.05149589,20.28802466,23.1765589,23.42622951,20,19.40886027,18.4625726,17.56216667,16.70334795,15.8877726,15.11177534,NA
"MONTENEGRO",NA,NA,NA,NA,NA,NA,NA,NA,NA,NA,NA,NA,NA,NA,NA,NA,NA,NA,NA,NA,NA,NA,NA,NA,NA,NA,NA,NA,NA,NA,NA,NA,NA,0,0,0,0,0,0,0,0,0,0,0,0,0,0,0,0,0,0,NA
"MONTSERRAT",NA,NA,NA,NA,NA,NA,NA,0,0,0,0,0,0,0,0,0,0,0,0,0,NA,NA,NA,NA,NA,NA,NA,NA,NA,NA,NA,0,0,0,0,0,0,0,0,0,0,0,0,0,0,0,0,0,0,0,0,NA
"MOROCCO",NA,NA,NA,NA,NA,NA,NA,2,2,2,2,2,2,-1.2,-0.060861756,0.2,-0.012583412,-0.7,-0.8,-0.8,1,1,1,1,1,1,0.258,0.279,0.216,0.13,0.236,3.89,-1.05,-1.247,-1.342,-0.566,-0.48,-0.613,-1.55,-0.781,-0.526,0.0836,0.5586,0.16,0.025,0.1,0.07,0.05,0.025,0.025,0.025,NA
"MOZAMBIQUE",NA,NA,NA,NA,NA,NA,NA,0,0,0,0,0,0,0,0,0,0,0,0,0,NA,NA,NA,NA,NA,NA,NA,NA,NA,NA,NA,0,0,0,0,0,0.02,0,0,0.02,0.03,0.04,0.16,0.282,0,0,0,0,0,0,0,NA
"NAMIBIA",NA,NA,NA,NA,NA,NA,NA,NA,NA,NA,NA,NA,NA,NA,NA,NA,NA,0,0,0,NA,NA,NA,NA,NA,NA,NA,NA,NA,NA,NA,0,0,0,0,0,0,0,0,0,0,0,0,0,0,0,0,0,0,0,0,NA
"NAURU",NA,NA,NA,NA,NA,NA,NA,0,0,0,0,0,0,0,0,0,0,0,0,0,NA,NA,NA,NA,NA,NA,NA,NA,NA,NA,NA,0,0,0,0,0,0,0,0,0,0,0,0,0,0,0,0,0,0,0,0,NA
"NEPAL",NA,NA,NA,NA,NA,NA,NA,0,0,0,0,0,0,0,0,0,0,0,0,0,NA,NA,NA,NA,NA,NA,NA,NA,NA,NA,NA,0,0,0,0,0,0,0,0,0,0,0,0,0,0,0,0,0,0,0,0,NA
"NETHERLANDS",NA,NA,NA,NA,NA,NA,NA,31,33,53,67,82,101,123,118,109,99,108,106,86,65.18082192,89.41643836,70.50684932,62.68336066,59.75616438,54.9890411,52.29150685,48.51147541,47.40273973,62.93424658,62.48652603,93.92238525,81.52674521,74.56816986,86.27229315,68.70740328,61.08569452,60.35758904,68.00412603,83.55896776,78.51276575,90.76992055,85.84010959,62.12827416,66.79251454,65.57215381,71.46230758,90.77545185,91.85766304,88.15173709,85.46983646,NA
"NETHERLANDS ANTILLES",NA,NA,NA,NA,NA,NA,NA,4,4,4,4,4,4,-0.04836074,0.7,0.4,-0.2,-0.5,-1.2,-1.7,NA,NA,NA,NA,NA,NA,NA,NA,NA,NA,NA,-0.029,-0.585,-0.738,0.531,0.634,-0.356,1.4944,0.8574,0.7974,-0.171,0.5589,0.7188,0.6971,0.7261,0.7347,0.7451,0.7044,0.770369905,0.759679481,0.777562806,NA
"NEW CALEDONIA",NA,NA,NA,NA,NA,NA,NA,0,0,0,0,0,0,0,0,0,0,0,0,0,NA,NA,NA,NA,NA,NA,NA,NA,NA,NA,NA,0,0,0,0,0,0,0,0,0,0,0,0,0,0,0,0,0,0,0,0,NA
"NEW ZEALAND",NA,NA,NA,NA,NA,NA,NA,9,12,17,18,20,24,43,44,53,57,59,58,58,72.56438356,71.88493151,47.18356164,53.00546448,66.76164384,54.40547945,50.39726027,44.57377049,41.16164384,38.48219178,28.81917808,42.92073224,27.04530137,26.32956712,48.03244932,65.28343989,60.72183562,62.71216301,55.24430685,51.44643388,45.15045342,51.49299863,52.86903151,45.85207596,26.84800959,25.82241096,22.25704932,19.57047268,19.7372892,18.12535558,19.66244883,NA
"NICARAGUA",NA,NA,NA,NA,NA,NA,NA,0,0,0,0,0,0,-0.2,-0.2,-0.2,-0.2,-0.2,-0.1,-0.1,NA,NA,NA,NA,NA,NA,NA,NA,NA,NA,NA,-0.436,-0.367,-0.412,-0.377,0.587,0.663,-0.161,-0.05,0.038,0.012,0.016,-0.196,-0.018,-0.198,-0.001,-0.003,0.008,-0.009983554,-0.00706766,-0.011942158,NA
"NIGER",NA,NA,NA,NA,NA,NA,NA,0,0,0,0,0,0,0,0,0,0,0,0,0,NA,NA,NA,NA,NA,NA,NA,NA,NA,NA,NA,0,0,0,0,0,0,0,6.747508767,20.3562,20.4775,20.4552,14.3854,13.3738,13.34567,12.3939,11.3995,9.87486776,8.412987018,8.407233066,6.416819604,NA
"NIGERIA",2053.846575,2255.10137,1783.060274,2067.04918,2084.942466,1896.978082,2301.909589,2054.833333,1433.19726,1294.980822,1241.150685,1387.923497,1494.791781,1467.024658,1340.69589,1450.054645,1715.950685,1810.000438,1891.800353,1942.566087,2022.810959,2012.725479,2038.513699,2254.092896,2382.326575,2183.170479,2058.750663,2160.106557,2222.712329,2115.775342,2285.761745,2485.725803,2549.026575,2423.036504,2305.446915,2168.724991,2211.658888,2461.650497,2527.378885,2510.85429,2361.259708,2405.432482,2234.319793,1937.502927,2019.198264,1977.490931,2009.66278,1854.050759,1601.047696,1369.920442,1517.096572,NA
"NIUE",NA,NA,NA,NA,NA,NA,NA,0,0,0,0,0,0,0,0,0,0,0,0,0,NA,NA,NA,NA,NA,NA,NA,NA,NA,NA,NA,0,0,0,0,0,0,0,0,0,0,0,0,0,0,0,0,0,0,0,0,NA
"NORTH KOREA",NA,NA,NA,NA,NA,NA,NA,0,0,0,0,0,0,0.6,0.6,0.4,0.5,0.6,0.7,0.9,NA,NA,NA,NA,NA,NA,NA,NA,NA,NA,NA,0.141,0.121,0.093,0.118,0.118,0.07787,0.1163,0.1104,0.1093,0.1155,0.1068,0.1062,0.103,0.1073,0.1086,0.1109,0.1049,0.114713894,0.113132279,0.115795522,NA
"NORTH MACEDONIA",NA,NA,NA,NA,NA,NA,NA,NA,NA,NA,NA,NA,NA,NA,NA,NA,NA,NA,NA,-0.4,NA,NA,NA,NA,NA,NA,NA,NA,NA,NA,NA,-0.078,-0.045,-0.044,-0.066,-0.093,-0.125,0.023,0.0182,0.0776,0.11008,0.1407795,0.231,0.236,0,0,0,0,0,0,0,NA
"NORTHERN MARIANA ISLANDS",NA,NA,NA,NA,NA,NA,NA,NA,NA,NA,NA,NA,NA,NA,NA,NA,NA,NA,NA,NA,NA,NA,NA,NA,NA,NA,NA,NA,NA,NA,NA,NA,NA,NA,NA,NA,NA,NA,NA,NA,NA,NA,NA,NA,NA,NA,NA,NA,NA,NA,NA,NA
"NORWAY",31.9999863,34.99996986,188.999874,278.9999781,280.0000329,355.9999644,403.000074,485.8109262,474.4581123,492.3459425,614.9615123,707.2940137,772.5960959,841.4901096,982.4860274,1113.090066,1482.603088,1630.008038,1870.865055,2131.884817,2376.512329,2684.921879,2893.232321,3222.535161,3263.167433,3122.167578,3122.399167,3330.786281,3402.935934,3321.884479,3252.52051,3188.236522,2971.795693,2782.334764,2560.181753,2464.243686,2351.450164,2142.165977,2046.474723,1922.146316,1842.196047,1892.672867,1952.356778,1999.399925,1974.959595,1858.066225,1742.762586,2007.167076,2030.847538,1906.927771,2024.711694,NA
"OMAN",NA,NA,NA,NA,NA,NA,NA,284,321,326,377,417,502,563,587,622,650,693,706,744,784.1369863,817.9121123,867.3168,887.9782923,903.971589,900.0465753,904.4794521,957.9021858,958.7784932,900.0052329,821.6695068,780.9908142,774.9883288,738.225389,711.0852959,759.8234344,818.7361616,869.3799342,891.3768123,924.3659087,944.9417781,951.4898411,989.4494397,1012.471485,978.946526,987.3099712,979.9821822,958.2885962,980.2050718,1072.620631,1057.327353,NA
"PAKISTAN",NA,NA,NA,NA,NA,NA,NA,11,11,13,14,18,36,42,42,45,48,62,63,64,58.99178082,57,54,58,56,55,56,57.581,63.522,64.238,61.969,70.468,87.48959178,91.8819863,93.25757534,68.10857923,66.86328082,69.15895047,70.3912,75.3825,85.3208,98.3536,93.29669863,88.60573224,105.7286164,106.6526027,102.0420822,91.21889617,99.53944767,100.0417153,100.0144485,NA
"PALESTINIAN TERRITORIES",NA,NA,NA,NA,NA,NA,NA,NA,NA,NA,NA,NA,NA,NA,NA,NA,NA,NA,NA,NA,NA,NA,NA,NA,NA,NA,NA,NA,NA,NA,NA,0,0,0,0,0,0,0,0,0,0,0,0,0,0,0,0,0,0,0,0,NA
"PANAMA",NA,NA,NA,NA,NA,NA,NA,1,1,1,1,1,0,-0.4,-0.5,-0.2,-0.1,-0.1,-0.6,-1.2,NA,NA,NA,NA,NA,NA,NA,NA,NA,NA,NA,0,0,0,0,0,0,0,0,0,0.305,0.685,0.262,0.446,0,0,0,0,0,0,0,NA
"PAPUA NEW GUINEA",NA,NA,NA,NA,NA,NA,NA,0,0,0,0,0,0,0,0,0,0,0,0.2,53,126.2328767,133.5041096,103.7167671,106.355582,80.00547945,78.93863014,88.4,64,60,48.29315068,48.81643836,42.1777377,53.71341096,48.75189041,38.6810137,41.45779126,39.68464521,30.93462055,29.29094384,27.44390109,30.54651644,49.38694466,57.56572986,56.05422328,50.48460452,35.67905671,35.42040863,39.42060005,37.04303375,34.44429354,32.13979066,NA
"PARAGUAY",NA,NA,NA,NA,NA,NA,NA,0,0,0,0,0,0,0.064160212,0.067812084,0.071955053,0.077138443,0.1,0.07407326,7.68577e-05,NA,NA,NA,NA,NA,NA,NA,NA,NA,NA,NA,0.091,0.627,0.8,1.1,1.7,2.2,2.45,2.639,2.945,3.313,3.571,4.837,4.687,5.697,6.893,8.97,8.97,2,2,2,NA
"PERU",NA,NA,NA,NA,NA,NA,NA,200,199,201,174,187,193,177,162,140,129,128,114,115,126.690411,127.1104877,122.8958904,121.0663497,119.1534247,118.6520548,110.941326,104.0065082,102.1205479,98.00245479,100.3496329,98.77430328,117.1681342,124.0444466,118.6269808,121.7413781,148.5431068,159.6031027,158.1080178,158.9781563,173.557037,178.4417699,154.680563,141.2245011,140.5058562,139.8882616,145.4749962,130.2249077,125.355086,123.0119828,120.9813689,NA
"PHILIPPINES",NA,NA,NA,NA,NA,NA,NA,16,3,9,14,13,10,7.9,5.5,5.9,4.7,3.8,2.6,7.3,10,5,3,1,0.8,0.8,0.75199726,0.938961749,11.4369863,13.72743288,20,17.407,17.771,17.287,18.767,27.15489454,39.2305,37.2208,38.4173,35.0211,40.7287,44.7374,34.73208767,31.9472,16.5462,15.5966,14.6575,14.40152842,14.75805085,14.667397,14.74426735,NA
"POLAND",NA,NA,NA,NA,NA,NA,NA,8,8,5.5,5,5.8,5.8,6.4,5.7,5.7,4.4,4.5,5.1,6.6,4.753424658,6.550410959,7.290350685,7.844300546,7.375309589,7.378109589,9.345380822,14.53281421,17.39451781,16.49855616,16.2163726,34.88394536,33.15803288,31.84801644,32.149,35.96833497,33.04660548,37.64778904,36.07487123,43.14313934,52.91005753,53.55613425,51.67663836,50.84192514,31.69176712,41.21045479,40.31052329,38.88022732,35.82006107,32.98115519,33.48917769,NA
"PORTUGAL",NA,NA,NA,NA,NA,NA,NA,-2.6,-2.3,-3.1,-2.8,-1.4,-0.8,-0.4,-0.4,0.3,-0.4,-0.3,-0.9,-1.2,NA,NA,NA,NA,NA,NA,NA,NA,NA,NA,NA,3.849,4.052,5.252657534,5.494605479,7.323098361,4.8217,10.1438,10.8888,8.6861,10.9772,11.0044,10.8307,10.57999178,11.5062148,11.49170471,11.176501,11.9508,12.31683968,12.25747398,12.36219226,NA
"PUERTO RICO",NA,NA,NA,NA,NA,NA,NA,0,-1,-2,-1,2.4,-1,-1,1,1,0.8,1.8,2.8,1.5,NA,NA,NA,NA,NA,NA,NA,NA,NA,NA,NA,1.354,1.349,0.085,1.328,0.663,0.538,0,0,0,0,0,0,0,0,0,0,0,0,0,0,NA
"QATAR",570.4520548,517.769863,437.9506849,497.0846995,445.0356164,486.9863014,508.0739726,471.7786885,405.2164384,329.8767123,294.9452055,394.3715847,301.4794521,307.9890411,293.0520548,345.9398907,380.1150685,406.0001068,395.0003616,395.7103825,470.6986301,466.3150685,522.1780822,569.1721311,705.2739726,750.9726027,764.2739726,860.147541,881.0273973,868.7808219,1041.342466,1184.380087,1227.50563,1284.368288,1332.485329,1484.22012,1474.722659,1676.322333,1821.894988,2013.383416,2008.983729,1919.694196,1862.594523,1845.053294,1791.868903,1821.307067,1744.521236,1766.367796,1822.418328,1857.40701,1858.385081,NA
"REUNION",NA,NA,NA,NA,NA,NA,NA,0,0,0,0,0,0,0,0,0,0,0,0,0,NA,NA,NA,NA,NA,NA,NA,NA,NA,NA,NA,0,0,0,0,0,0,0,0,0,0,0,0,0,0,0,0,0,0,0,0,NA
"ROMANIA",NA,NA,NA,NA,NA,NA,NA,252,255,256,255,252,235,233,227,203,190,167,146,147,144.1780822,144.2814466,144.6792849,143,141.6592849,135.538,133.0491644,131.2336175,131.1437836,127.6180082,123.3780822,129.6289016,124.6364274,117.4862411,119.8139562,116.4718066,111.0113041,104.745863,104.4472397,100.3993863,102.5685247,102.3820712,99.72509452,93.41093607,89.43476164,88.44007397,88.36667808,86.06787268,84.27429201,80.14514128,77.48181215,NA
"RUSSIA",NA,NA,NA,NA,NA,NA,NA,NA,NA,NA,NA,NA,NA,NA,NA,NA,NA,NA,NA,7631.937156,6793.047123,6415.076732,6201.765901,6042.251811,6126.107211,6065.316712,6098.556438,6526.82909,7060.512216,7741.053973,8581.191011,9386.922847,9646.974608,9733.762647,10037.74336,9874.280672,10047.46384,10288.29318,10408.9233,10596.19849,10765.58755,10853.31777,11034.93989,11244.6453,11230.70862,11384.51933,11473.70715,10495.99738,10776.71789,10973.75687,10754.23159,NA
"RWANDA",NA,NA,NA,NA,NA,NA,NA,0,0,0,0,0,0,0,0,0,0,0,0,0,NA,NA,NA,NA,NA,NA,NA,NA,NA,NA,NA,0,0,0,0,0,0.01,0,0,0,0,0,0,0,0,0,0,0,0,0,0,NA
"SAINT HELENA",NA,NA,NA,NA,NA,NA,NA,0,0,0,0,0,0,0,0,0,0,0,0,0,NA,NA,NA,NA,NA,NA,NA,NA,NA,NA,NA,0,0,0,0,0,0,0,0,0,0,0,0,0,0,0,0,0,0,0,0,NA
"SAINT KITTS AND NEVIS",NA,NA,NA,NA,NA,NA,NA,0,0,0,0,0,0,0,0,0,0,0,0,0,NA,NA,NA,NA,NA,NA,NA,NA,NA,NA,NA,0,0,0,0,0,0,0,0,0,0,0,0,0,0,0,0,0,0,0,0,NA
"SAINT LUCIA",NA,NA,NA,NA,NA,NA,NA,0,0,0,0,0,0,0,0,0,0,0,0,0,NA,NA,NA,NA,NA,NA,NA,NA,NA,NA,NA,0,0,0,0,0,0,0,0,0,0,0,0,0,0,0,0,0,0,0,0,NA
"SAINT PIERRE AND MIQUELON",NA,NA,NA,NA,NA,NA,NA,0,0,0,0,0,0,0,0,0,0,0,0,0,NA,NA,NA,NA,NA,NA,NA,NA,NA,NA,NA,0,0,0,0,0,0,0,0,0,0,0,0,0,0,0,0,0,0,0,0,NA
"SAINT VINCENT/GRENADINES",NA,NA,NA,NA,NA,NA,NA,0,0,0,0,0,0,0,0,0,0,0,0,0,NA,NA,NA,NA,NA,NA,NA,NA,NA,NA,NA,0,0,0,0,0,0,0,0,0,0,0,0,0,0,0,0,0,0,0,0,NA
"SAMOA",NA,NA,NA,NA,NA,NA,NA,0,0,0,0,0,0,0,0,0,0,0,0,0,NA,NA,NA,NA,NA,NA,NA,NA,NA,NA,NA,0,0,0,0,0,0,0,0,0,0,0,0,0,0,0,0,0,0,0,0,NA
"SAO TOME AND PRINCIPE",NA,NA,NA,NA,NA,NA,NA,0,0,0,0,0,0,0,0,0,0,0,0,0,NA,NA,NA,NA,NA,NA,NA,NA,NA,NA,NA,0,0,0,0,0,0,0,0,0,0,0,0,0,0,0,0,0,0,0,0,NA
"SAUDI ARABIA",7596.136986,8479.887671,7075.073973,8576.967213,9245.019178,8300.712329,9531.956164,9900.15847,9814.947945,6482.991781,5085.89589,4663.202186,3387.821918,4870.016438,4264.991781,5085.95082,5064.156164,6410.003595,8114.995863,8332.19425,8880.041096,8885.531507,8921.506849,8912.95082,9130.726027,9174.054795,8554.091521,9068.011066,8798.454753,8557.356726,9975.9,10214.10369,10932.96093,10773.04936,10304.24986,11428.34133,10314.09165,9748.230344,11017.79516,11490.27136,11272.06727,11334.20971,11763.09706,12170.17616,11832.44237,12113.91229,11466.68564,10846.0002,10835.34069,12143.80663,11133.34925,NA
"SENEGAL",NA,NA,NA,NA,NA,NA,NA,0,0,0,0,0,0,0.1,-0.1,-0.2,-0.1,-0.2,-0.094967781,-0.063039232,NA,NA,NA,NA,NA,NA,NA,NA,NA,NA,NA,-0.059,-0.039,-0.013,-0.065,-0.0777,-0.0277,0.03312,0.01309,-0.0542,-0.0341,-0.0226,-0.0248,-0.0241,-0.0251,-0.0254,-0.0265,-0.0251,-0.027406808,-0.027069783,8.780514861,NA
"SERBIA",NA,NA,NA,NA,NA,NA,NA,NA,NA,NA,NA,NA,NA,NA,NA,NA,NA,NA,NA,NA,NA,NA,NA,NA,NA,NA,NA,NA,NA,NA,NA,NA,NA,16.948,16.857,18.4502,19.7901,22.0376,19.64022192,18.06906776,19.99129041,19.39345616,22.99586712,22.6169,19.6839,18.704,18.7282,17.93585683,16.98580332,15.9315541,15.01653831,NA
"SEYCHELLES",NA,NA,NA,NA,NA,NA,NA,0,0,0,0,0,0,0,0,0,0,0,0,0,NA,NA,NA,NA,NA,NA,NA,NA,NA,NA,NA,0,0,0,0,0,0,0,0,0,0,0,0,0,0,0,0,0,0,0,0,NA
"SIERRA LEONE",NA,NA,NA,NA,NA,NA,NA,0,0,0,0,0,0,-0.011454089,-0.053872052,-0.039785906,-0.038228704,-0.037980268,-0.037570127,-0.007391254,NA,NA,NA,NA,NA,NA,NA,NA,NA,NA,NA,0.001,0.003,0.029,0.025,0.03165,0,0,0,0,0,0,0,0,0,0,0,0,0,0,0,NA
"SINGAPORE",NA,NA,NA,NA,NA,NA,NA,4,4,4,4,4,4,-6.2,1.1,-5.7,-6.6,-6,-1.9,-4,NA,NA,NA,NA,NA,NA,NA,NA,NA,NA,NA,9.836,8.573,9.967,11.608,22.668,17.9403,20.2729,31.2596,35.8818,31.8839,35.9443,30.9931,31.6106,19.0121,19.2382,19.5112,18.444,20.17173396,19.89143716,20.35969443,NA
"SLOVAKIA",NA,NA,NA,NA,NA,NA,NA,NA,NA,NA,NA,NA,NA,NA,NA,NA,NA,NA,NA,NA,1,1.35070137,1.504068493,1.442718579,1.29049589,1.172838356,1.328838356,1.169628415,1.266260274,6.466271233,5.978405479,10.98956557,8.19969863,8.030276712,7.484356164,10.50206885,7.054424658,12.135,9.9877,8.9624,10.9507,10.6264,11.7328,11.8556,9.46889726,6.582420548,5.751160274,5.908251913,6.362793499,6.994264655,9.477128177,NA
"SLOVENIA",NA,NA,NA,NA,NA,NA,NA,NA,NA,NA,NA,NA,NA,NA,NA,NA,NA,NA,NA,-0.1,NA,NA,NA,NA,NA,NA,NA,NA,NA,NA,NA,0.006,0.105,0.105,0.105,0.165,0.145,0.375,0.015,0.025,0.035,0.005,0.005,0.005,0,0,0,0,0.004958904,0,0,NA
"SOLOMON ISLANDS",NA,NA,NA,NA,NA,NA,NA,0,0,0,0,0,0,0,0,0,0,0,0,0,NA,NA,NA,NA,NA,NA,NA,NA,NA,NA,NA,0,0,0,0,0,0,0,0,0,0,0,0,0,0,0,0,0,0,0,0,NA
"SOMALIA",NA,NA,NA,NA,NA,NA,NA,0,0,0,0,0,0,0.2,0.1,0.1,0.1,0.1,0.059655704,0.053806178,NA,NA,NA,NA,NA,NA,NA,NA,NA,NA,NA,0,0,0,0,0,0,0,0,0,0,0,0,0,0,0,0,0,0,0,0,NA
"SOUTH AFRICA",NA,NA,NA,NA,NA,NA,NA,0,4,20,55,55,60,67,72,67,77,77,77,140,130.5041096,175.032,185.032,187.5401967,199.6243288,196.9187808,199,199,194,205.8573973,191.9303096,234.1745,223.2924877,220.084263,214.1156685,193.1401667,180.7872,178.2618507,179.4813,177.5768683,177.8341219,161.0005,120.8933,115.5072,119.3687178,114.8799562,117.5916822,100.3847022,117.6615291,110.3739352,108.6084512,NA
"SOUTH KOREA",NA,NA,NA,NA,NA,NA,NA,0,0,0,0,-13,-9,-8.1,-7.4,-9.6,-12,-9.8,-21,-24,NA,NA,NA,NA,5.600123288,7.890561644,8.660389041,13.00002186,11.61633973,10.60544658,10.13697534,16.97824317,16.87824932,20.39567671,29.45200548,40.54266885,49.81304384,59.2443,58.6685,70.9583,71.5391,81.0593,90.9555,89.905,88.31667808,93.58673699,96.89979452,99.00579071,108.1516268,108.238793,108.9481652,NA
"SOUTH SUDAN",NA,NA,NA,NA,NA,NA,NA,NA,NA,NA,NA,NA,NA,NA,NA,NA,NA,NA,NA,NA,NA,NA,NA,NA,NA,NA,NA,NA,NA,NA,NA,NA,NA,NA,NA,NA,NA,NA,NA,22.81160656,115.7700027,147.7629151,152.6388027,152.4590164,150.1247658,155.7925489,157.1103015,162.5308585,157.122142,155.1095863,146.210147,NA
"SPAIN",NA,NA,NA,NA,NA,NA,NA,13,3.9,13,46,37,40,47,44,46,39,37,42,43,24.86575342,20.80826575,17.36721644,10.24590164,7.504109589,10.64109589,5.997260274,4.666666667,6.931506849,6.410958904,6.597260274,37.14136612,37.84040274,38.10426027,28.35773973,26.54206667,26.1000863,50.44230274,47.44892329,47.93823224,64.8023863,64.23621507,62.52895479,60.42126667,76.81724932,76.44153425,76.43326712,74.60522787,76.70292668,76.19299686,76.91276342,NA
"SRI LANKA",NA,NA,NA,NA,NA,NA,NA,0,0,0,0,0,0,-0.3,-0.4,-0.4,-0.3,-0.3,-0.4,-0.4,NA,NA,NA,NA,NA,NA,NA,NA,NA,NA,NA,-0.508,-0.554,-0.424,-0.637,-0.579,-0.535,-0.468,-0.268,-0.455,-0.526,-0.341,-0.248,-0.241,-0.251,-0.254,-0.257,-0.243,-0.265851189,-0.262070008,-0.268239286,NA
"SUDAN",NA,NA,NA,NA,NA,NA,NA,0,0,0,0,0,0,-0.2,-0.1,-0.017884638,0.017677594,0.018180149,-0.3,0.1,NA,NA,NA,2.308743169,5.383561644,10,69.83561644,176.6754098,207.9217973,240.7800438,265.1232877,303.7852842,307.8839452,348.3004712,479.1379644,479.7476464,485.6588548,488.1421397,454.814674,94.48378087,136.2332397,116.0149384,110.5108342,107.3055847,104.075646,69.05250314,71.62329834,65.26778269,63.38777145,66.68771719,69.85359433,NA
"SURINAME",NA,NA,NA,NA,NA,NA,NA,0,0,0,0,0,1,2,2,3,4,3.9,3.5,5,5,5.58630137,7.005479452,9,8,9.504109589,10,10,10,10,11,11.461,11.439,12.419,13.425,15.29010383,15.497,14.925,15.636,15.51233333,14.622,14.795,15.536,15.55,15.531,15.525,15.519,15.0727623,14.27260384,13.55809826,13.23233265,NA
"SWEDEN",NA,NA,NA,NA,NA,NA,NA,-6.2,-4.3,-3.4,-3.7,0.057939891,0.3,2,2.5,2.4,1.6,1.6,0.9,1.3,NA,NA,NA,NA,NA,NA,NA,NA,NA,NA,NA,4.608,3.95,5.27,7.272,8.9956,10.5588,10.3125,10.3305,10.253,8.8059,11.5354,12.6139,12.5772,16.5955,14.5223,13.2469,13.1019,13.3366516,13.29855652,13.36582846,NA
"SWITZERLAND",NA,NA,NA,NA,NA,NA,NA,1.1,1.3,1.1,1.1,1.3,1.6,1.7,1.6,1.4,1.2,1.2,1.4,1.2,NA,NA,NA,NA,NA,NA,NA,NA,NA,NA,NA,3.361,3.322,3.955,3.504,3.6055,3.3688,3.117,2.994,2.4974,3.0225,2.9982,1.8899,1.1427,1.2755,1.3344,1.1922,1.1408,1.224109863,1.21062919,1.234401757,NA
"SYRIA",NA,NA,NA,NA,NA,NA,NA,164,166,160,167,170,178,190,226,260,337,385,491,478,576.7671233,592.506,622.464,602.118,593.158,593.518,595.815,572.519,612.5796027,676.6782466,651.575,483.988,444.63,418.721,400.964,400.5106038,400.4977753,416.4619616,370.3153425,167.7085082,73.22091781,30.79821918,36.399,35.11366667,24.383,30.76847945,37.34,54.4583224,79.08665331,93.87177581,98.63527898,NA
"TAIWAN",NA,NA,NA,NA,NA,NA,NA,9,10,8,8,8,6,-2.2,0.07149449,-2.7,-5.3,-5.4,-6.1,-4.6,2,1,1,1,1,1,1,1,1,0.882309589,0.788558904,10.56285519,15.71919452,20.704,26.283,15.5049,24.7877,23.6187,20.1726,22.6993,25.8934,25.4352,23.6072,22.2658,23.7574,24.0301,24.3594,23.0721,25.15603805,24.81791608,25.38270127,NA
"TAJIKISTAN",NA,NA,NA,NA,NA,NA,NA,NA,NA,NA,NA,NA,NA,NA,NA,NA,NA,NA,NA,1.3,1,1,0.797,0.598,0.52,0.5,0.4,0.4,0.326,0.309,0.352,0.355,0.334512329,0.302936986,0.276271233,0.238120169,0.222320521,0.219246,0.21909,0.191845902,0.192,0.19821,0.176186438,0.17474,0.31052,0.31045,0.31037,0.31068,0.310181464,0.3102625,0.31110982,NA
"TANZANIA",NA,NA,NA,NA,NA,NA,NA,0,0,0,0,0,0,0.016621716,0.078247361,0.032023837,-0.2,-0.2,-0.1,-0.001815329,NA,NA,NA,NA,NA,NA,NA,NA,NA,NA,NA,0,0,0,0,0,0.01,0,0,0,0,0,0,0,0,0,0,0,0,0,0,NA
"THAILAND",NA,NA,NA,NA,NA,NA,NA,1.3,2.3,12,18,30,53,52,49,53,51,58,61,67,67.83013699,108.66,104.378,136.683,141.9893151,149.1848548,156.8835973,194.0845929,205.9136712,222.5673041,255.3222986,273.5348415,308.6528411,342.8583233,360.5519534,387.1779623,410.7629836,420.153663,445.0469096,485.4705628,492.7751836,493.0398425,514.380763,524.6818902,536.3401732,519.5000699,525.0202082,488.6319186,460.5980474,420.9598678,411.19678,NA
"THE BAHAMAS",NA,NA,NA,NA,NA,NA,NA,0,0,0,0,0,0,0,0,0,0,0,0,0,NA,NA,NA,NA,NA,NA,NA,NA,NA,NA,NA,0,0,0,0,0,0,0,0,0,0,0,0,0,0,0,0,0,0,0,0,NA
"TIMOR-LESTE",NA,NA,NA,NA,NA,NA,NA,NA,NA,NA,NA,NA,NA,NA,NA,NA,NA,NA,NA,NA,NA,NA,NA,NA,NA,NA,NA,NA,NA,NA,NA,47.91544536,89,107,93,102,98,88,100,108,70,45,45,30,21,15,23,14,12,10,5,NA
"TOGO",NA,NA,NA,NA,NA,NA,NA,0,0,0,0,0,0,0,0,0,0,0,0,0,NA,NA,NA,NA,NA,NA,NA,NA,NA,NA,NA,0,0,0,0,0,0,0,0,0,0,0,0,0,0,0,0,0,0,0,0,NA
"TONGA",NA,NA,NA,NA,NA,NA,NA,0,0,0,0,0,0,0,0,0,0,0,0,0,NA,NA,NA,NA,NA,NA,NA,NA,NA,NA,NA,0,0,0,0,0,0,0,0,0,0,0,0,0,0,0,0,0,0,0,0,NA
"TRINIDAD AND TOBAGO",NA,NA,NA,NA,NA,NA,NA,214,243,183,163,173,178,166,156,156,153,149,152,140,124.5671233,142,142,141,134.5753425,133.6270301,140.9793836,138.0474481,133.9970712,153.9327068,163.4553178,151.017377,170.5047863,180.1523315,156.6285096,156.634582,152.9076877,145.6699274,114.7376521,105.5115956,103.4503671,101.5181644,96.19172055,97.22876721,99.28320685,87.97980267,82.81268297,76.62429173,81.62328915,78.75860794,73.2252173,NA
"TUNISIA",NA,NA,NA,NA,NA,NA,NA,110,118,120,120,120,114,111,109,108,110,98,109,114,102,94,92,89,81,85,84,78,73.25,76,68,71.89314208,72.748,70.802,97.584,85.50711202,81.0108137,78.86956027,67.14014247,65.82928689,63.72494521,53.19926027,39.716,41.725,42.41320548,40.38802192,37.70013796,34.79866393,42.0223862,36.44648465,34.53160208,NA
"TURKIYE",NA,NA,NA,NA,NA,NA,NA,41,44,46,41,40,40,45,48,46,53,70,85,81,NA,NA,NA,NA,NA,NA,NA,NA,NA,NA,NA,42.92776503,45.7925863,44.49109589,45.9386411,48.43869945,53.60037945,55.5984863,54.6154863,55.9519306,55.56913562,55.67153288,61.16018904,62.81476776,65.38740274,70.33589452,75.1225589,78.42659945,84.39849594,86.92746085,97.23484586,NA
"TURKMENISTAN",NA,NA,NA,NA,NA,NA,NA,NA,NA,NA,NA,NA,NA,NA,NA,NA,NA,NA,NA,110,80.22191781,73.5,76.5,88.43715847,116.9964384,150.9767123,157.4191589,158.1885246,176.6561644,189.1766986,212.1483699,207.311071,210.843,186.74,205.184,189.3307628,197.5531192,215.5852471,225.4430959,246.2273104,255.7982119,263.1664541,277.8971932,265.5220885,270.1240067,269.1559362,251.5153767,240.0108465,252.7299807,255.0183787,274.6796156,NA
"TURKS AND CAICOS ISLANDS",NA,NA,NA,NA,NA,NA,NA,0,0,0,0,0,0,0,0,0,0,0,0,0,NA,NA,NA,NA,NA,NA,NA,NA,NA,NA,NA,0,0,0,0,0,0,0,0,0,0,0,0,0,0,0,0,0,0,0,0,NA
"TUVALU",NA,NA,NA,NA,NA,NA,NA,NA,NA,NA,NA,NA,NA,NA,NA,NA,NA,NA,NA,NA,NA,NA,NA,NA,NA,NA,NA,NA,NA,NA,NA,NA,NA,NA,NA,NA,NA,NA,NA,NA,NA,NA,NA,NA,NA,NA,NA,NA,NA,NA,NA,NA
"U.S. PACIFIC ISLANDS",NA,NA,NA,NA,NA,NA,NA,0,0,0,0,0,0,0,0,0,0,0,0,0,NA,NA,NA,NA,NA,NA,NA,NA,NA,NA,NA,0,0,0,0,0,0,0,0,0,0,0,0,0,0,0,0,0,0,0,0,NA
"U.S. TERRITORIES",NA,NA,NA,NA,NA,NA,NA,NA,NA,NA,NA,NA,NA,NA,NA,NA,NA,NA,NA,NA,NA,NA,NA,NA,NA,NA,NA,NA,NA,NA,NA,NA,NA,NA,NA,NA,NA,NA,NA,NA,NA,NA,NA,NA,NA,NA,NA,NA,NA,NA,NA,NA
"U.S. VIRGIN ISLANDS",NA,NA,NA,NA,NA,NA,NA,0,0,0,-1,-0.6,0.2,-5.5,-4.1,-3,-4.5,-0.8,0.6,0.4,NA,NA,NA,NA,NA,NA,NA,NA,NA,NA,NA,17.619,17.579,17.623,16.868,16.645,16.767,14.396,16.553,8.085,0,0,0,0,0,0,0,0,0,0,0,NA
"UGANDA",NA,NA,NA,NA,NA,NA,NA,0,0,0,0,0,0,0,0,0,0,0,0,0,NA,NA,NA,NA,NA,NA,NA,NA,NA,NA,NA,0,0,0,0,0,0,0,0,0,0,0,0,0,0,0,0,0,0,0,0,NA
"UKRAINE",NA,NA,NA,NA,NA,NA,NA,NA,NA,NA,NA,NA,NA,NA,NA,NA,NA,NA,NA,82,85,92,90,90,92,87,83.90251233,81.559,82.123,82.859,86.612,95.406,97.962,105.937,106.422,99.08491148,92.63980411,82.40674247,78.42943562,79.82397213,73.53974247,64.75313562,59.9418137,56.56303716,55.81188219,58.38224247,62.04572192,61.17640765,61.54828776,18.31768793,7.245311526,NA
"UNITED ARAB EMIRATES",1532.657534,1678.917808,1663.876712,1936.084699,1999.054795,1830.832877,1831.465753,1708.726776,1474.021918,1249.986301,1148.630137,1145.915301,1193.39726,1330.032877,1540.726027,1565.068306,1860.139726,2117.001093,2385.999688,2266.14646,2458.663014,2920.191827,2880.204723,2939.745011,3008.403181,2996.029589,2742.657534,2622.368852,2574.832877,2405.671233,2749.794521,2849.326623,3003.585562,3157.797397,3061.372781,3045.977727,2793.8243,2813.4896,3214.290482,3398.917857,3439.4606,3541.929381,3676.067055,3767.794573,3723.650682,3786.239652,4130.048391,3780.36621,3785.883804,4236.766646,4162.79176,NA
"UNITED KINGDOM",2,2,11.88767123,245.2322404,768.2520548,1082.326027,1568.043836,1621.967213,1811.134247,2065.021918,2291.260274,2479.740437,2529.657534,2539.10137,2405.923288,2232.04918,1801.956164,1819.999912,1797.001047,1825.382514,2138.632877,2705.258038,2791.601833,2774.070557,2747.940701,2840.480096,2929.342477,2694.430762,2493.054751,2482.390093,2279.138992,2104.998451,1902.43734,1730.464995,1721.902614,1588.066717,1501.512371,1403.547026,1159.027162,998.7935022,921.9277836,910.3523575,1009.158893,1066.117869,1053.258236,1155.071898,1180.093947,1098.479269,936.5680301,883.0001327,798.0456567,NA
"UNITED STATES",9207.953296,8774.205438,8374.736962,8131.639273,8244.5616,8707.440995,8551.534142,8596.625757,8571.572515,8648.534345,8687.641027,8878.950702,8971.377997,8680.14249,8348.978025,8139.688511,7613.07671,7355.307356,7416.545101,7171.124525,9601.818244,9412.965373,9399.98471,9444.3515,9460.75114,9277.924381,8993.560693,9057.994535,8957.117806,8998.361644,8765.684932,8722.338803,8327.13611,8314.319586,8466.31946,8563.531694,9136.949258,9698.113063,10150.896,11142.5373,12395.42778,14157.7321,15154.8766,14849.86079,15673.33166,17909.764,19471.1992,18609.48106,18995.31497,20300.97975,21907.67663,NA
"URUGUAY",NA,NA,NA,NA,NA,NA,NA,0,0,0,0,0,0,0.2,0.2,0.1,0.084541723,0.2,0.3,0.3,NA,NA,NA,NA,NA,NA,NA,NA,NA,NA,NA,0.936,0.976,1.037,0.963,0.9622,0.6808,1.1993,1.3558,1.541,1.9044,2.1041,1.894,1.8991,1.946,1.9649,2.0281,1.9718,1.462850842,1.448064337,1.472736416,NA
"UZBEKISTAN",NA,NA,NA,NA,NA,NA,NA,NA,NA,NA,NA,NA,NA,NA,NA,NA,NA,NA,NA,66,78.73150685,140,166,168,175,183.2739726,188.5256438,174.648,167.717,165.512,175.608,164.351,165.8042466,156.658137,145.495,109.8979027,72.13686712,54.33100959,59.88322192,67.66929508,71.2992,65.63272192,61.33960685,54.08426831,47.24702329,44.15024932,41.33179863,39.18530546,37.52346047,62.11648328,65.67450766,NA
"VANUATU",NA,NA,NA,NA,NA,NA,NA,0,0,0,0,0,0,0,0,0,0,0,0,0,NA,NA,NA,NA,NA,NA,NA,NA,NA,NA,NA,0,0,0,0,0,0,0,0,0,0,0,0,0,0,0,0,0,0,0,0,NA
"VENEZUELA",3365.994521,2976.076712,2345.731507,2294.213115,2238.016438,2164.945205,2355.830137,2168.338798,2101.980822,1894.928767,1800.947945,1798.060109,1677.178082,1787.041096,1751.950685,1903,1906.978082,2136.998921,2374.998477,2370.780731,2473.054795,2660.730151,3017.62,3219.027951,3473.476096,3405.179041,3093.821918,3219.684219,3141.595633,2751.781992,2505.728479,2877.13656,3113.441827,3037.206058,3014.424888,2700.9988,2708.232,2597.7774,2682.4397,2683.969,2682.5822,2684.0398,2577.454145,2330.189591,2066.046795,1539.316118,927.7052712,552.8571579,613.9243055,722.6469669,769.707899,NA
"VIETNAM",NA,NA,NA,NA,NA,NA,NA,0,0,0,0,0,0,0.8,5,15,32,50,80,106,126.3013699,142.1849315,152.7945205,175.4972678,202.2273973,249.8082192,312.309589,333.295235,346.7256438,347.1069041,346.1245479,420.0246284,371.0564027,365.7438,323.1175671,311.7459016,342.2682918,311.9472507,315.1115671,344.2301481,346.7900123,318.8594973,369.4459959,336.5525268,288.2434813,257.1890327,240.2055503,214.5045465,206.0466713,201.0471883,194.9357055,NA
"WAKE ISLAND",NA,NA,NA,NA,NA,NA,NA,0,0,0,0,0,0,0,0,0,0,0,0,0,NA,NA,NA,NA,NA,NA,NA,NA,NA,NA,NA,0,0,0,0,0,0,0,0,0,0,0,0,0,0,0,0,0,0,0,0,NA
"WESTERN SAHARA",NA,NA,NA,NA,NA,NA,NA,0,0,0,0,0,0,0,0,0,0,0,0,0,NA,NA,NA,NA,NA,NA,NA,NA,NA,NA,NA,0,0,0,0,0,0,0,0,0,0,0,0,0,0,0,0,0,0,0,0,NA
"YEMEN",NA,NA,NA,NA,NA,NA,NA,0,0,0,0,0,0,8.6,19,172,193,191,194,181,223.509589,346.5958767,352.678,356.1931639,374.4028082,381.0011918,403.427,449.5018333,452.7299726,457.341189,450.8732274,447.3929153,445.3982274,420.431263,368.6991671,299.6424415,285.9569192,280.9399753,216.6925411,168.948576,130.7800301,125.0807092,47.8272,18.4907918,32.2295,47.2322,62.73284247,58.49828306,57.09958304,48.80467181,15.24572047,NA
"ZAMBIA",NA,NA,NA,NA,NA,NA,NA,0,0,0,0,0,0,0.1,0.2,0.5,0.2,0.1,0.2,0.1,NA,NA,NA,NA,NA,NA,NA,NA,NA,NA,NA,0.15,0.159,0.159,0.19,0.1343,0.1229,0.1443,0.1522,0.1611,0.1271,0.145,0.1318,0.1278,0.1331,0.1347,0.1366,0.1292,0.141299013,0.13933928,0.142619402,NA
"ZIMBABWE",NA,NA,NA,NA,NA,NA,NA,0,0,0,0,0,0,0,0,0,0,0,0,0,NA,NA,NA,NA,NA,NA,NA,NA,NA,NA,NA,0,0,0,0,0.04,0.06,0,0,0.12,0.039,0.681,0.724,0.819,0.8,0.8,0.8,0.8,0.8,0.8,0.8,NA
